{
    "apple": [
        "round shape",
        "a depression at the top near the stem",
        "a small depression at the bottom",
        "a small, brown stem at the top",
        "a stem at the top",
        "bright red, green, or yellow color",
        "curved indentation at top around the stem",
        "red, green or yellow color",
        "red, green, or yellow color",
        "small brown stem",
        "smooth texture",
        "smooth, shiny skin",
        "smooth, shiny surface"
    ],
    "aquarium fish": [
        "small, colourful body",
        "small, diverse body shapes",
        "vibrant colors",
        "a caudal fin or tail fin",
        "a pair of dorsal and ventral fins",
        "a streamlined, elongated shape",
        "bright, colourful scales",
        "bubbly environment with sea plants in background",
        "gills on the sides",
        "has fins and tail",
        "in water or under water scene",
        "long, elegant fins",
        "small size compared to surroundings",
        "small, round eyes",
        "swimming in water",
        "vibrant color patterns",
        "visible gills",
        "volume-like or 3D shape body"
    ],
    "baby": [
        "small body size",
        "small size",
        "big eyes, small nose and mouth)",
        "chubby cheeks",
        "diapers or baby clothes",
        "lack of hair or small amount of hair",
        "lack of hair or very limited hair growth",
        "lack of teeth or few teeth",
        "often seated or lying down due to inability to walk",
        "often wearing infant clothing like onesies",
        "round face",
        "round face with large eyes",
        "small hands and feet",
        "small nose",
        "smooth skin"
    ],
    "bear": [
        "large body size",
        "large, bulky body",
        "a big snout",
        "a heavy-set body",
        "a short tail",
        "big, round ears",
        "brown or black fur color",
        "brown, black, or white fur",
        "large front claws",
        "long claws",
        "long, shaggy fur",
        "round ears",
        "round, prominent ears",
        "sharp claws",
        "short tail",
        "snout muzzle",
        "snout-shaped nose"
    ],
    "beaver": [
        "brown fur",
        "a large, flat tail",
        "a pair of large, sharp front teeth",
        "a robust body with short legs",
        "compact and sturdy body",
        "flat, paddle-shaped tail",
        "large, webbed hind feet",
        "rodent-like teeth",
        "sharp front teeth",
        "small, round ears",
        "webbed feet"
    ],
    "bed": [
        " a large rectangular structure",
        "a large, rectangular shape",
        "a rectangular shape",
        "a headboard and footboard",
        "a headboard at one end",
        "a mattress or a soft surface",
        "a mattress or cushioned surface",
        "bedding or blankets",
        "bedding such as blankets and pillows",
        "bedsheet and blanket covering the mattress",
        "legs or a frame to support off the floor",
        "pillows",
        "pillows on top",
        "soft and flat mattress"
    ],
    "bee": [
        "black and yellow striped body",
        "stripes in black and yellow color",
        "yellow and black stripes",
        "a pointed stinger at the end",
        "antennae",
        "antennae on the head",
        "pointed stinger on its tail",
        "six legs",
        "small size",
        "small, round body",
        "stinger at the end of the body",
        "two pairs of translucent wings",
        "two pairs of wings",
        "wings on the back"
    ],
    "beetle": [
        "a round or oval shape",
        "hard, shiny exoskeleton",
        "a small, round, or oval body",
        "dark, shiny exoskeleton",
        "dome shaped body",
        "dominant colors like black, brown, or green",
        "short antennae",
        "six jointed legs",
        "six legs",
        "two antennas",
        "two long antennae",
        "two pairs of wings, one of which is hard and protective (elytra)",
        "two wings under hard wing cases",
        "wings hidden under hard, protective covers"
    ],
    "bicycle": [
        "two circular wheels of the same size",
        "two wheels of about the same size",
        "two wheels of the same size",
        "a chain connecting the pedals to the wheels",
        "a connected seat and handlebars",
        "a frame connecting the wheels",
        "a handlebar",
        "a handlebar at the front for steering",
        "a lightweight frame",
        "a metal frame connecting all parts",
        "a pair of pedals",
        "a seat",
        "a seat for the rider",
        "pedals connected to the back wheel",
        "pedals for propulsion"
    ],
    "bottle": [
        "a long, cylindrical shape",
        "cylindrical shape",
        "long, cylindrical body",
        "a narrow neck",
        "a round opening at the top, usually with a cap or cork",
        "capped or corked top",
        "clear or colored glass/plastic",
        "flat bottom",
        "liquid inside",
        "material typically glass or plastic",
        "narrow neck",
        "top with either a cap or cork",
        "translucent or transparent property",
        "transparent, translucent, or opaque material"
    ],
    "bowl": [
        "a round, open top",
        "round or oval shape",
        "round, curved shape",
        "A concave surface or container",
        "Flat base for standing",
        "Rim around the top edge",
        "a black or dark center",
        "a flat bottom",
        "curving sides",
        "it's a hollow structure",
        "opening at the top",
        "typically made of ceramic, glass, or plastic",
        "a deep interior"
    ],
    "boy": [
        "short hair",
        "a youthful face",
        "casual clothes like t-shirts, jeans, or shorts",
        "casual clothing (like t-shirts, shorts)",
        "childish appearance",
        "common childhood objects, like toys or school backpacks",
        "less decorative clothing than girls",
        "less developed facial features compared to adults",
        "small stature compared to adults",
        "smaller stature compared to adults",
        "typical boys' clothing, such as shorts and t-shirts",
        "usually playing with masculine toys (like trucks, balls)",
        "younger facial features, like a lack of facial hair"
    ],
    "bridge": [
        "long structure",
        "long, linear structure",
        "arches or suspension cables",
        "circular or arch shapes underneath",
        "connection between two points, usually over a body of water or road",
        "extends across a gap (like body of water or valley)",
        "railing or barriers on the sides",
        "railing or protective barriers on the sides",
        "raised pathway",
        "spanning over a body of water, valley or road",
        "supported by one or more pillars",
        "supporting pillars or towers",
        "the deck, where traffic (cars, trains, or pedestrians) pass through"
    ],
    "bus": [
        "large rectangular shape",
        "large, rectangular body",
        "At least two large, round wheels",
        "Distinctive entrance and exit doors",
        "Large, rectangular shape",
        "Multiple large windows",
        "Prominent front and rear lights",
        "Public transit or transport company livery",
        "a back with lights and indicators",
        "a bus number or route display at the front",
        "a door in the front",
        "a front with visible lights and indicators",
        "public transport label or logo",
        "seats inside",
        "wheels",
        "windows in a row"
    ],
    "butterfly": [
        "colorful wings",
        "symmetrical wings",
        "two large, often colorful wings",
        "a coiled tube-like proboscis",
        "a slender body",
        "a small body",
        "a small body compared to wing size",
        "antennae",
        "antennae on its head",
        "bilateral body symmetry",
        "bright, colorful patterns on the wings",
        "long, slender antennae",
        "six segmented legs",
        "symmetrical pattern on the wings",
        "the symmetry in the pattern on the wings"
    ],
    "camel": [
        "long neck",
        "long, curved neck",
        "a long, thin tail",
        "a small head with large eyes and ears",
        "brown fur",
        "elongated, curved ears",
        "flat, broad feet for walking in desert conditions",
        "flat, wide feet",
        "hump(s) on the back",
        "humped back (one or two humps)",
        "humps on the back",
        "large, drooping lips",
        "large, set-aside eyes",
        "long eyelashes",
        "long legs",
        "rounded and large feet",
        "short, thick hair, usually brown or sandy in color",
        "tail with a tassel at the end",
        "tan or sandy-color fur"
    ],
    "can": [
        "a cylindrical shape",
        "cylindrical shape",
        "a metal or tin material",
        "a pull ring or tab on top",
        "a pull-tab on top for opening",
        "corporate branding or labels on the outer surface",
        "flat top and bottom surfaces",
        "label or logo on the body",
        "metallic material",
        "often has a label or branding on it",
        "pull-tab on top",
        "same diameter at top and bottom",
        "small and compact size"
    ],
    "castle": [
        "stone or brick walls",
        "A moat or other defensive structures surrounding it",
        "High, fortified walls",
        "Ramparts or battlements",
        "a drawbridge or large entrance gate",
        "a large drawbridge or gate",
        "a large gate or drawbridge",
        "arrowslits",
        "arrowslits or loopholes",
        "battlements",
        "castle walls with merlons and crenels",
        "high towers with flags",
        "surrounded by a moat",
        "surrounded by a moat or high walls",
        "thick, fortified walls",
        "towers and turrets",
        "towers or turrets"
    ],
    "caterpillar": [
        " cylindrical, long body",
        "elongated and cylindrical body",
        "long, tubular body",
        "furry or spiky texture",
        "hairy or bristled skin texture",
        "multiple pairs of legs",
        "potentially covered in hair or spines",
        "presence of distinct head",
        "segmented, worm-like structure",
        "short antennae",
        "small round head",
        "various bright or earthy colors",
        "various patterns or bright colors",
        "varying colors and patterns"
    ],
    "cattle": [
        "large body size",
        "large size body",
        "large, muscular body",
        "Broad head with large eyes",
        "a long tail",
        "big ears",
        "brown, black, or white coat",
        "distinguished ears",
        "four hooved legs",
        "four legs",
        "four-legged stance",
        "horns on head",
        "large ears",
        "long tail with a tassel at the end",
        "rectangular shape body",
        "short fur, often in colors ranging from light to dark brown or black",
        "thick, coarse fur, usually in colors like white, black, or brown"
    ],
    "chair": [
        "a seat surface",
        "backrest",
        "a backrest",
        "can be made of different materials like wood, plastic or metal",
        "flat sitting area",
        "four legs",
        "four legs for support",
        "often rectangular or round in shape",
        "possible armrests",
        "seating surface",
        "wood, metal or plastic",
        "stable base",
        "legs or support underneath"
    ],
    "chimpanzee": [
        "black or dark brown fur",
        "dark brown or black fur",
        "dark, rough fur",
        "ability to walk on all fours or upright.",
        "an opposable thumb",
        "human-like face with prominent brow",
        "human-like facial features",
        "large ears",
        "long arms",
        "long arms and short legs",
        "often seen standing or moving on all fours",
        "opposable thumbs",
        "primate face with prominent brow ridge",
        "prominent ears",
        "protruding ears"
    ],
    "clock": [
        "round or square shape",
        "round shape",
        "12 numbers arranged in a circular pattern",
        "a flat, circular, or square face",
        "a second hand, usually thinner",
        "center axis from where hands rotate",
        "hour, minute, and second hands",
        "number markers",
        "numbers or Roman numerals for hours",
        "often symmetrically designed",
        "sometimes a pendulum",
        "the shorter hand for hours, the longer hand for minutes",
        "two hands pointing towards the numbers",
        "two or three hands"
    ],
    "cloud": [
        "fluffy texture",
        "soft, fluffy appearance",
        "floating in the sky",
        "fluffy or puffy appearance",
        "illuminated by sunlight or shadowed",
        "irregular shape",
        "irregular, rounded shape",
        "light diffusion",
        "often seen against a blue sky background",
        "white or gray color",
        "white or grey color"
    ],
    "cockroach": [
        "flat, oval-shaped body",
        "long, flat body",
        "long, oval shape",
        "a small head with large, bulbous eyes",
        "dark brown or black color",
        "dark-brown or black color",
        "hard, segmented body",
        "long antennae",
        "long, thin antennae",
        "shell-like wings",
        "six legs",
        "six legs with spines",
        "six long, jointed legs",
        "two large, segmented antennae"
    ],
    "couch": [
        "a large rectangular shape",
        "a large, rectangular body",
        "a large, rectangular shape",
        "a sturdy backrest",
        "a sturdy frame",
        "armrests on both sides",
        "armrests on the sides",
        "backrest",
        "covered in upholstery material, like fabric or leather",
        "legs at the bottom",
        "legs or base supporting the structure",
        "multiple cushions",
        "multiple cushions or seating areas",
        "possibly pillows",
        "upholstered fabric or leather material",
        "upholstery fabric or leather covering"
    ],
    "crab": [
        "two large claws",
        "two large front pincers",
        "two large pincers",
        "a generally reddish-brown color",
        "a hard exoskeleton",
        "a round, flat body",
        "classic sideways walk",
        "eight legs",
        "eye stalks on the top of the head",
        "hard, segmented shell",
        "many legs (typically 8 small legs and 2 larger clawed legs)",
        "red or orangish color when cooked",
        "round, flat body",
        "round, pearl-like eyes",
        "two small, stalked eyes"
    ],
    "crocodile": [
        "long body with a protruding snout",
        "long body with scales",
        "long, slender body",
        "V-shaped snout",
        "a long, narrow, and muscular tail",
        "four short legs",
        "four short legs with webbed feet",
        "four short, clawed legs",
        "green or brown color",
        "green or brown rough skin",
        "greenish, brown color",
        "hard, rough and scaly skin",
        "large, powerful jaws with sharp teeth",
        "large, triangular-shaped teeth",
        "long tail",
        "powerful jaws with sharp teeth",
        "set of eyes above water level (when in water)",
        "small, protective eyes",
        "tapering tail"
    ],
    "cup": [
        "cylindrical or conical shape",
        "round opening at the top",
        "round shape",
        "a cylindrical or conical body",
        "a flat base",
        "a handle",
        "a handle on one side",
        "can be made of a material like ceramic, glass or plastic",
        "can be small or medium-sized",
        "commonly solid color or might have patterns",
        "flat base",
        "flat bottom",
        "opening at the top",
        "small handle on the side",
        "usually made of ceramics or glass"
    ],
    "dinosaur": [
        "large body size",
        "large size",
        "large, robust body",
        "bipedal or quadrupedal shape",
        "claws on feet",
        "claws on feet and possibly hands",
        "distinctive head shape",
        "distinctive teeth",
        "horns or crests",
        "long neck",
        "long tail",
        "scaly skin",
        "scaly skin texture",
        "sharp teeth or beak",
        "teeth and claws"
    ],
    "dolphin": [
        "a sleek, streamlined body",
        "grey color",
        "grey or blue-grey color",
        "a broad tail fluke",
        "a dorsal fin on its back",
        "a dorsal fin on the back",
        "a long snout with teeth",
        "a pair of flippers",
        "a snout or beak-like mouth",
        "blowhole on top of the head",
        "dark grey color on top, lighter color underneath",
        "fins on the sides of the body and one dorsal fin",
        "fluke (tail fin) located horizontally",
        "long, protruding snout",
        "short front flippers",
        "smooth, streamlined body shape",
        "streamlined, elongated body",
        "tail fin shaped like a fluke"
    ],
    "elephant": [
        "large size",
        "large, curved tusks",
        "large, rounded body",
        "a large, round body",
        "a long, powerful trunk",
        "a rough, wrinkly skin",
        "a small tail with a tuft at the end",
        "big, floppy ears",
        "large, fan-like ears",
        "large, floppy ears",
        "large, ivory tusks",
        "long trunk",
        "long, curved tusks",
        "rough, grey skin",
        "thick, wrinkled skin"
    ],
    "flatfish": [
        "Flat, wide body shape",
        "flat, oval body shape",
        "Bottom-dwelling",
        "Eyes positioned on the upper surface of the body",
        "Lateral line (a sensory organ line across the body) visible on the upper side",
        "Simple, small fins along the side",
        "bilateral symmetry",
        "both eyes located on one side of the body",
        "bottom dwelling nature",
        "color and patterns that blend with the sandy or muddy bottom",
        "light-colored belly and darker back",
        "small, narrow mouth",
        "touch skin texture",
        "two eyes on one side of head",
        "wide mouth"
    ],
    "forest": [
        "a large number of trees",
        "dense arrangement of trees",
        "dense grouping of trees",
        "birds or wildlife",
        "fallen leaves on the ground",
        "foliage density",
        "leaves/foliage",
        "pathways or trails",
        "the presence of tree trunks",
        "thick trunks",
        "thick undergrowth",
        "tree bark texture",
        "undergrowth and/or bushes",
        "undergrowth or shrubs",
        "varied shades of green",
        "various shades of green",
        "various shades of green colors"
    ],
    "fox": [
        "a bushy tail with a white tip",
        "bright reddish-orange fur",
        "orange or red fur",
        "a bushy, white-tipped tail",
        "bright, keen eyes",
        "bushy tail with a white tip",
        "dark legs and paws",
        "dark paws",
        "distinctive eye mask patterns",
        "large, triangular ears",
        "narrow, pointed muzzle",
        "pointed ears",
        "pointed snout of medium length",
        "reddish-brown fur, often with white and black patches",
        "thin, pointed snout"
    ],
    "girl": [
        "long hair",
        "long or short hair",
        "a face with feminine features",
        "clothing typically associated with girls",
        "facial features like big eyes and long eyelashes",
        "pigtails or braids in hair",
        "presence of accessories like earrings or necklaces",
        "relatively small stature compared to adults",
        "slim body shape",
        "small stature",
        "soft facial features",
        "some may have makeup like lipstick, eyeliner",
        "usually with lighter skin tones",
        "wearing a dress or skirt",
        "wearing jewelry or accessories"
    ],
    "hamster": [
        "a small, round body",
        "small and round body",
        "small round body",
        "a pair of large cheek pouches",
        "beady eyes",
        "fur, usually brown, grey, white, or a mix",
        "furry and soft appearance",
        "furry coat",
        "large cheek pouches",
        "nibbling mouth",
        "prominent teeth",
        "round, black eyes",
        "short legs",
        "short tail",
        "small ears",
        "small paws",
        "small rounded ears",
        "small whiskers"
    ],
    "house": [
        "a rectangular or square shape",
        "a rectangular shape",
        "rectangular or square shape",
        "a chimney",
        "a front door",
        "a roof, either flat or pointed",
        "a triangular roof",
        "brick, wooden or plastered exterior",
        "chimney",
        "door at the front",
        "windows"
    ],
    "kangaroo": [
        "long, powerful hind legs",
        "a large, muscular hind legs",
        "a large, muscular tail for balance",
        "a long snout",
        "a long, muscular tail",
        "a pouch for females",
        "a pouch in females",
        "a small front limbs",
        "a small head",
        "a strong, long tail",
        "brown or gray coat",
        "fur is usually shades of brown",
        "large, pointed ears",
        "large, pointy ears",
        "rounded snout",
        "short, stout forelimbs",
        "small front arms",
        "tall, upright standing position",
        "upright posture"
    ],
    "keyboard": [
        "Rows of keys",
        "a rectangular shape",
        "row arrangement of keys",
        "Alphanumeric characters on keys",
        "Rectangular shape",
        "Shift, enter and space bar keys",
        "USB or wireless connection",
        "a larger space bar at the bottom",
        "alphabet and symbol imprints on keys",
        "arrow keys on the right side",
        "function keys along the top",
        "function keys at the top",
        "multiple individual keys",
        "multiple small, square buttons with alphanumeric characters",
        "rectangular shape",
        "space bar at the bottom"
    ],
    "lamp": [
        "a base for the lamp to stand on",
        "a light bulb or source of light",
        "a light source at the top",
        "a base at the bottom",
        "a base or stand",
        "a bulb or light source",
        "a cord for power supply",
        "a cord or switch for controlling",
        "a covering or shade over the light source",
        "a lamp shade to disperse light",
        "a lampshade",
        "a switch or pull chain to turn the light on/off",
        "cord for electricity supply",
        "long, vertical structure",
        "on/off switch on the base or cord",
        "specific shape, often tall and slender"
    ],
    "lawn mower": [
        "a large metal body",
        "large, thick wheels",
        "long handle for pushing or steering",
        "a bag or box for grass collection",
        "a grass collection bag or compartment",
        "a large cutting deck at the bottom",
        "a long handle or steering wheel",
        "a long handle with control levers",
        "a rectangular or rounded metal body",
        "metallic body",
        "plastic or fabric grass collection bag",
        "rotating blades underneath",
        "rotating blades underneath the body",
        "switch or buttons for starting and stopping",
        "wheels",
        "wheels for movement"
    ],
    "leopard": [
        "rosette patterned fur",
        "spotted fur pattern",
        "yellows and blacks in the fur",
        "Sharp claws and teeth",
        "White underbelly",
        "a large head with short, rounded ears",
        "a long tail with a black tip",
        "a muscular body",
        "a muscular body shape",
        "distinctive rosette markings",
        "intense, forward-facing eyes",
        "light yellow to golden color background fur",
        "long tail",
        "sharp claws and teeth",
        "sleek body shape",
        "white underbelly",
        "yellow-gold fur color"
    ],
    "lion": [
        "a large, mane around the head",
        "a large, muscular body",
        "Tawny, yellow or sandy white fur",
        "a broad head with a powerful jaw.",
        "a large, muscular body",
        "a long tail with a tuft of hair at the end",
        "a long tail with tuft of hair at the end",
        "distinctive facial features like sharp teeth and strong jawline",
        "elongated snout",
        "golden or tawny fur color",
        "hunting eyes",
        "large paws with sharp claws",
        "large, powerful body",
        "large, round ears",
        "long tail with a tuft at the end",
        "mane",
        "pointy, retractable claws",
        "sharp teeth",
        "yellowish-brown fur"
    ],
    "lizard": [
        "scaly skin",
        "a long tail",
        "a long, slender body",
        "a narrow, angular head",
        "a tapered tail",
        "beady eyes",
        "clawed toes",
        "eye with a vertically slit pupil",
        "eyes on the sides of their head.",
        "four legs",
        "four legs with claws",
        "four short legs",
        "long, slender body",
        "long, tapering tail",
        "pointed head",
        "sometimes displaying bright colors or patterns"
    ],
    "lobster": [
        "a hard, segmented shell",
        "long body with a hard shell",
        "long body with hard shell",
        "a long, slender tail",
        "bright red color when cooked, dark green or brown when alive",
        "dark red color",
        "eight legs",
        "eight walking legs",
        "large, clawed front limbs",
        "long antennae",
        "long, narrow body",
        "red or dark green/black in color",
        "strong, curved tail",
        "two large claws"
    ],
    "man": [
        "broad shoulders",
        "facial hair like a beard or mustache",
        "broad shoulders",
        "clothing like trousers, suits, ties",
        "clothing, such as a suit or trousers",
        "facial hair or stubble",
        "facial hair such as beard or mustache",
        "flat chest",
        "less ornamental accessories",
        "short hair or bald head",
        "short hairstyle",
        "taller height",
        "wearing masculine clothing like suits, ties, or trousers"
    ],
    "maple tree": [
        "broad, flat leaves",
        "broad, flat leaves with pointed lobes",
        "large, lobed leaves",
        "a tall, upright trunk",
        "brown, rough bark",
        "clustered winged seeds",
        "distinctive leaf shape with three to five pointed lobes",
        "distinctive red or orange fall coloration",
        "flaky, gray bark",
        "frequent presence of winged seeds known as samaras",
        "gray-brown, rough bark",
        "leaf arrangement opposite each other on branches",
        "red or orange color in autumn",
        "red or orange colors in fall",
        "seeds that have a winged, 'helicopter' appearance",
        "upright growth habit",
        "upright, branching structure"
    ],
    "motorcycle": [
        "two large wheels",
        "two wheels",
        "a handlebar for steering",
        "a headlight",
        "a headlight at the front",
        "a long, narrow seat",
        "a seat",
        "a seat in the middle",
        "an exhaust pipe",
        "an exhaust pipe at the back",
        "engine components",
        "exhaust pipes",
        "footrest for rider",
        "footrests on each side",
        "handlebars",
        "handlebars at the front",
        "motor and transmission system",
        "side mirrors"
    ],
    "mountain": [
        "high and rugged landforms",
        "tall, peaked shape",
        "peaks with or without snow",
        "high or above surrounding landscape)",
        "immense size",
        "often surrounded by clouds or fog",
        "possible absence of vegetation at higher altitudes",
        "possible presence of glaciation or water streams",
        "presence of a tree line or lack thereof",
        "rocky or snow-covered slopes",
        "rocky terrain",
        "rough, rocky surfaces",
        "rugged terrain details",
        "snow at the peak",
        "steep slopes",
        "surrounded by lower land levels"
    ],
    "mouse": [
        "a small, round body",
        "small size",
        "a thin, pointed snout",
        "four legs",
        "fur covering body",
        "large ears",
        "long tail",
        "oval shape body",
        "rounded body",
        "small eyes",
        "small rounded ears",
        "small, shiny eyes",
        "tail",
        "whiskers"
    ],
    "mushroom": [
        "a cap with a rounded or dome shape",
        "capped shape at the top",
        "caps of various shapes on top",
        "a bulb-like base or root-like structures",
        "a convex or flat shape of the cap",
        "a slender stem",
        "a stalk or stem under the cap",
        "a thin, long stem",
        "a variety of colors but typically brown or white",
        "color varying from white to brown",
        "gills or pores under the cap",
        "gills underneath the cap",
        "growth often shown on the ground or log",
        "natural gill structure below the cap",
        "white or brown color"
    ],
    "oak tree": [
        "a large, spreading canopy",
        "broad, round and tall tree structure",
        "broad, sturdy trunk",
        "a strong, sturdy trunk",
        "acorns",
        "broadly lobed leaves",
        "cluster of acorns",
        "dark green, lobed leaves",
        "deep grooves in the bark",
        "green color in spring and summer, changing to yellow, red or brown in autumn",
        "large, lobed leaves",
        "large, spreading branches",
        "rough, dark brown bark",
        "rugged, thick bark"
    ],
    "orange": [
        "round shape",
        "a small green stalk at the top",
        "bright orange color",
        "dimpled texture",
        "often displayed in clusters or groups",
        "relatively small size",
        "rugged, bumpy texture",
        "size, typically smaller than a grapefruit but larger than a mandarin.",
        "small size compared to other fruits",
        "stem at the top"
    ],
    "orchid": [
        "a variety of vibrant colors",
        "bright, vibrant colors",
        "brightly colored petals",
        "a central column connecting petals",
        "a central column in the flower",
        "a central column-like structure (column) in the flower",
        "a distinct 'lip' or 'labellum' petal",
        "asymmetrical flower structure",
        "complex, symmetrical flower structure",
        "long, erect stalks",
        "long, slender leaves",
        "multiple flowers on a single stem",
        "often found in clusters",
        "symmetrical bilateral shape",
        "three outer petals",
        "two inner, often different shaped petals"
    ],
    "otter": [
        "brown fur",
        "long, slender body",
        "webbed feet",
        "a long, thick tail",
        "brown fur",
        "dense, brown fur",
        "long, slender body",
        "long, tapering tail",
        "small rounded ears",
        "small, round ears",
        "small, rounded ears",
        "tapered tail",
        "webbed feet",
        "webbed paws",
        "whiskered snout"
    ],
    "palm tree": [
        " Long, slender trunk",
        "long, slender trunk",
        "A crownshaft connecting the trunk with the fronds",
        "Large feathery fronds at the top",
        "Often taller than surrounding foliage",
        "Tropical appearance",
        "brown trunk and green leaves",
        "distinctive bark patterns",
        "fan-shaped or feathery leaves at the top",
        "feather-like leaves",
        "leaves connected at the top of the trunk",
        "leaves radiating from the top in all directions",
        "long, slender trunk",
        "stem mostly bare of leaves except at the top.",
        "tall height compared to other trees and objects",
        "tall height compared to surrounding vegetation"
    ],
    "pear": [
        "a light green or yellow color",
        "a teardrop-like shape",
        "oval or bell shape",
        "a brown stem on top",
        "a slight curve on the top section",
        "a small, brown stem at the top",
        "an oval or \"teardrop\" shape",
        "grainy texture",
        "green, yellow or brown color",
        "slightly rough skin texture",
        "small dots or \"blemishes\" on the skin",
        "smooth, glossy surface",
        "stem at the top",
        "visible speckles or dots on the skin",
        "yellow or green skin"
    ],
    "pickup truck": [
        "large, boxy body",
        "large, boxy shape",
        "truck bed at the back",
        "a cabin with seating for at least two people",
        "a separate, open cargo area at the rear",
        "an open cargo area at the back",
        "elevated chassis",
        "four wheels",
        "framed, boxy shape",
        "front cab with space for passengers",
        "front cab with two or four doors",
        "front grille",
        "large front grille",
        "large tires",
        "prominent front grill",
        "rear bumper",
        "side doors",
        "sized larger than a regular car",
        "sturdy bumper",
        "visible tailgate"
    ],
    "pine tree": [
        "conical shape",
        "triangular shape",
        "a tall, brown, cylindrical trunk",
        "brown bark trunk",
        "brown bark with ridges",
        "clustered growth pattern of the needles",
        "cone-shaped growths (pine cones)",
        "cones hanging from the branches",
        "dark green needles",
        "green needle-like leaves",
        "long, narrow green leaves (needles)",
        "often found in cluster",
        "pine cones may be present",
        "thick bark texture"
    ],
    "plain": [
        "flat and even terrain",
        "flat and open terrain",
        "broad, flat surface",
        "few or no hills or mountains",
        "lack of hills and mountains",
        "lack of trees or forest",
        "lack of trees or high vegetation",
        "lack of trees or large vegetation",
        "natural grass vegetation",
        "open, unobstructed space",
        "sometimes water bodies",
        "the horizon seems distant",
        "vast openness",
        "wide expansive view",
        "wide horizon"
    ],
    "plate": [
        "flat, round shape",
        "a raised edge or rim",
        "a round shape",
        "flat surface",
        "may contain food items",
        "may have a pattern or design on the surface",
        "often white or solid color",
        "raised edge or rim",
        "slight indentation or rim around the edge",
        "smooth surface",
        "smooth, glossy surface",
        "solid color, often white or cream",
        "typically made of ceramic, glass, or metal",
        "usually plain or solid color, sometimes with patterns",
        "usually without a handle or lid"
    ],
    "poppy": [
        "bright red color",
        "bright red petals",
        "intense red color",
        "a dark black center",
        "a long, thin green stem",
        "black center with stamen",
        "bright yellow stamens in the center",
        "dark black center",
        "green stalk/ stem",
        "large, rounded petals",
        "round, cup-shaped flower",
        "round, umbrella-like shape of the flower",
        "small, black seeds inside the flower",
        "thin, delicate leaves",
        "thin, hairy stem"
    ],
    "porcupine": [
        "long, sharp quills",
        "sharp quills covering the body",
        "sharp, long quills",
        "a small snout",
        "black or brown hair",
        "brown or grey color",
        "clawed feet",
        "front facing short snout",
        "short legs",
        "small ears",
        "small eyes and ears",
        "small rounded body",
        "small rounded head",
        "striped black and white tail"
    ],
    "possum": [
        "gray fur",
        "gray or brown fur",
        "pointed snout",
        "a pointed snout with a pink nose",
        "dark, round eyes",
        "four legs",
        "gray to brown fur",
        "large, round eyes",
        "long, naked tail",
        "long, pointed snout",
        "long, prehensile tail",
        "long, scaly tail",
        "sharp, small teeth",
        "small ears",
        "small, rounded ears",
        "two ears standing upright",
        "whiskered face"
    ],
    "rabbit": [
        "long ears",
        "long soft fur",
        "long upright ears",
        "big ears",
        "fluffy tail",
        "furry coat",
        "large hind legs",
        "long whiskers",
        "pointed nose",
        "short fluffy tail",
        "short, soft fur",
        "small round tail",
        "small rounded body",
        "small, round body",
        "typically in white, brown, or gray color",
        "whiskers"
    ],
    "raccoon": [
        "a mask-like black fur around the eyes",
        "grey fur with black spots",
        "mask-like black markings around eyes",
        "black mask around eyes",
        "bushy tail with black and grey rings",
        "furry body",
        "gray and black striped furry tail",
        "opposable thumb on forelimbs",
        "overall gray body fur",
        "pointed snout",
        "pointed snout with a pink or brown nose",
        "pronounced, nimble paws",
        "small, pointed ears",
        "small, round ears",
        "small, rounded ears",
        "snout-like nose",
        "striped tail"
    ],
    "ray": [
        "flat body silhouette",
        "flat, disc-shaped body",
        "a long, thin tail",
        "a small mouth on the underside of its body",
        "dorsal side ranging from grey to brown",
        "eyes on the top of the body",
        "gill slits on the underside of the body",
        "gills and mouth on the underside",
        "large, wing-like pectoral fins",
        "long, slender tail",
        "long, tapering tail, often with a sharp stinger",
        "pectoral fins that stretch to the sides forming wings",
        "skin covered in small, rough tooth-like scales",
        "two dorsally located eyes",
        "two small eyes on the top"
    ],
    "road": [
        "long straight or curved path",
        "long, straight or curving shape",
        "long, straight or winding path",
        "asphalt or concrete surface",
        "lane markings or dividing lines",
        "markings or lanes",
        "paved or gravel surface",
        "paved surface",
        "possible signs or traffic signals along the road",
        "surrounded by landscape or buildings",
        "surrounded by natural or built environment",
        "surrounded by scenery such as trees, buildings or open sky",
        "traffic signs or signals adjacent to it",
        "traffic signs or signals on the sides",
        "white or yellow lane markers"
    ],
    "rocket": [
        "long, cylindrical body",
        "tall cylindrical body",
        "tall, slender shape",
        "cone-shaped top",
        "exhaust flame at the base",
        "fin-like structures at the bottom",
        "flat bottom with engines or thrusters",
        "large cylindrical body",
        "large fins at bottom",
        "metallic or painted exterior",
        "metallic or reflective surface",
        "pointed top or nose",
        "sharp pointed top",
        "smoke or flames at the bottom",
        "solid rocket boosters on the sides"
    ],
    "rose": [
        "bright, deep red/pink color",
        "red or pink color",
        "closed buds or bloomed flowers",
        "distinctive rosebud shape before blooming",
        "fan-shaped leaf arrangement",
        "green leaves connected to the stem",
        "leaves attached to stem",
        "long, green stem",
        "multi-petal flower",
        "oval and serrated leaves",
        "oval-shaped petals in a circular pattern",
        "petals arranged in a circular pattern",
        "pointed tips of petals",
        "thorns on stem",
        "thorns on the stem",
        "thorny stem",
        "vibrant red color"
    ],
    "sea": [
        "a vast body of water",
        "large body of water",
        "large expanse of water",
        "blue or green color",
        "blue or grey color depending on the weather",
        "colored blue or green",
        "horizon line",
        "horizon line where the sea meets the sky",
        "possibly a sense of saltiness or seaweed, sea animals",
        "possibly the presence of sea life, boats or shore components",
        "saltwater",
        "sandy or rocky shore",
        "sea creatures or boats in the distance",
        "water surface texture, could be calm or wavy",
        "waves",
        "waves or calm surface depending on conditions"
    ],
    "seal": [
        " a large, streamlined body",
        "a large, streamlined body",
        "flipper-like limbs",
        "a blunt snout",
        "a round body shape",
        "a short snout",
        "a small head with rounded ears",
        "a smooth, usually dark-colored fur",
        "fat, cylindrical shape",
        "flippers instead of regular legs",
        "large, round eyes",
        "round, whiskered face",
        "short, sleek fur",
        "short, stubby limbs, or flippers",
        "small, close-set eyes",
        "smooth, glossy fur",
        "tusks or whiskers"
    ],
    "shark": [
        "a large, streamlined body",
        "a streamlined, torpedo-shaped body",
        "pointy nose",
        "a long, pointed snout",
        "a tail fin that is larger on the top than the bottom",
        "a tail fin with a larger top half than bottom half",
        "dorsal fin on the back",
        "gills on the sides",
        "gills on the sides of the head",
        "grey or bluish skin color",
        "grey-blue color on the top surface",
        "grey/blue skin color",
        "large, torpedo-shaped body",
        "long snout",
        "long tail with a vertical fin",
        "sharp, pointed teeth",
        "sharp, triangular teeth",
        "white bottom surface"
    ],
    "shrew": [
        "small body size",
        "small size",
        "small, elongated body",
        "a long and pointed snout",
        "a long, thin tail",
        "furry body",
        "long pointy nose",
        "long tail",
        "long, pointed snout",
        "pointed ears",
        "sharp teeth",
        "short fur",
        "short legs",
        "small eyes",
        "sparse and short fur"
    ],
    "skunk": [
        "black and white fur",
        "black fur",
        "a long, bushy tail",
        "a small head",
        "bushy tail",
        "characteristic stripe pattern",
        "pointy nose",
        "sharp claws",
        "short legs",
        "small legs",
        "small, pointed face",
        "small, round body",
        "thick, bushy tail",
        "two white stripes down the back",
        "white stripes running from head to tail"
    ],
    "skyscraper": [
        "tall vertical structure",
        "tall, vertical structure",
        "a flat top",
        "a reflection of the sky on its surface",
        "box or tube shape",
        "flat roof often with antennas or helipads",
        "glass or steel exterior",
        "glass windows covering the exterior",
        "horizontal lines of windows",
        "multiple windows arranged in a grid pattern",
        "numerous floors or levels",
        "reflection of the sky or surroundings on its surface",
        "steel or glass exterior",
        "visible against the skyline or cityscape"
    ],
    "snail": [
        "a round, spiral shell",
        "a small, rounded shell",
        "rounded, spiral shell",
        "a long, slender, expanding body",
        "a long, slimy body",
        "a slow crawling movement",
        "a small mouth under the antennas",
        "antennae-like tentacles",
        "grey, brown, or muted coloration",
        "slender, elongated body",
        "slow movement",
        "slow-moving",
        "tentacles or antennae on the head",
        "trail of slime",
        "two long antennas on the head"
    ],
    "snake": [
        "long, slender body",
        "a detached lower jaw",
        "a forked tongue",
        "distinct head with eyes and a mouth",
        "eyes with vertical slits",
        "forked tongue",
        "no legs",
        "no limbs",
        "round pupils",
        "scales covering the body",
        "scales on skin",
        "scaly skin",
        "tapered tail"
    ],
    "spider": [
        "eight legs",
        "eight long legs",
        "eight long, jointed legs",
        "a small, segmented body",
        "eight eyes",
        "hairy body",
        "hairy texture",
        "many eyes (usually eight)",
        "multiple pairs of eyes",
        "often dark colored or patterned",
        "presence of fangs",
        "small body and large abdomen",
        "spinnerets on the abdomen",
        "two part body (composed of abdomen and cephalothorax)",
        "webs"
    ],
    "squirrel": [
        "bushy tail",
        "fluffy tail",
        "bright, beady eyes",
        "climbing trees ability",
        "elongated body",
        "fur in shades of gray, red, or brown",
        "furry body",
        "grey, brown, or red fur",
        "hind legs longer than front ones",
        "large eyes",
        "long incisors",
        "nimble posture",
        "paws with four fingers",
        "pointy ears",
        "sharp, curved claws",
        "sharp, tiny claws",
        "small size",
        "small, beady eyes",
        "small, nimble paws",
        "small, rounded ears"
    ],
    "streetcar": [
        "long, rectangular body",
        "long, rectangular shape",
        "Flat front with a window and side windows along the length",
        "cable connection on top",
        "distinctive color or pattern",
        "front and rear entrances",
        "front and rear entry/exit",
        "internally, rows of seating parallel to the length of the car",
        "large rectangular shape",
        "metal exterior, often with a glossy, brightly colored paint",
        "metal poles connected to overhead wires",
        "narrow windows in a row",
        "one or more doors along the side",
        "rails on the street",
        "several large windows",
        "single set of tracks underneath",
        "tracks on the road"
    ],
    "sunflower": [
        "bright yellow petals",
        "large circular center",
        "black or dark brown seeds in the center",
        "bright yellow petals",
        "dark brown or black center",
        "green leaves and stem",
        "green stalk and leaves",
        "large, circular flower head",
        "large, circular shape",
        "seeds in the center",
        "seeds in the middle",
        "the flower head facing the sun",
        "typically solitary"
    ],
    "sweet pepper": [
        "a smooth, glossy sheen",
        "bright red, green, or yellow color",
        "bright red, yellow, or green color",
        "a bell-like or elongated shape",
        "a colored ring when sliced open",
        "a green stalk at one end",
        "a green stem",
        "a hollow inside when cut open",
        "a shiny surface",
        "a shiny, smooth skin",
        "a stem at the top",
        "a thick, crunchy texture when cut open",
        "bright colors, such as red, green, yellow or orange",
        "elongated, bell shape",
        "round or bell-like shape"
    ],
    "table": [
        "flat horizontal surface",
        "flat horizontal top surface",
        "flat surface",
        "ability to support objects on its surface",
        "four legs",
        "rectangular or circular in shape",
        "rectangular or circular shape",
        "rectangular or round shape",
        "solid color",
        "solid material such as wood or metal",
        "solid material, usually wood or metal",
        "stable and stationary position",
        "sturdy structure"
    ],
    "tank": [
        "Large rectangular or cylindrical body",
        "a large, metal vehicle",
        "large, armored structure",
        "A big cannon or turret mounted on the body",
        "Caterpillar tracks",
        "Hatch on the top",
        "Tough metal exterior",
        "a cylindrical turret",
        "a hatch on top",
        "a long gun barrel",
        "a turret with a long barrel",
        "caterpillar tracks",
        "military camouflage pattern",
        "rectangular shape",
        "tracked wheels"
    ],
    "telephone": [
        "a rectangular body",
        "cord or cordless",
        "curved handset",
        "a cord or cordless structure",
        "a microphone and speaker",
        "a screen in the middle",
        "buttons or keypad",
        "buttons or touchscreen",
        "cord (if it's a landline telephone)",
        "earpiece and microphone on the handset",
        "handset shape",
        "number buttons",
        "rectangular base",
        "rectangular shape",
        "speaker and microphone elements"
    ],
    "television": [
        " rectangular screen",
        "Rectangular flat screen",
        "rectangular screen",
        "Back or side ports for cable connection",
        "Control buttons or touchscreen panel",
        "Logo or brand name",
        "Stand or wall-mount structure",
        "black or silver frame",
        "buttons or controls (either on the frame or remotely)",
        "control buttons or symbols on one side or bottom",
        "flat back panel",
        "flat or curved surface",
        "stand or wall mount system",
        "stands or wall mounts",
        "thin bezel around the screen"
    ],
    "tiger": [
        "orange and black striped fur",
        "striped fur pattern",
        "striped orange and black fur",
        "a large body size",
        "a long tail",
        "big canines",
        "large body size",
        "large size body",
        "long tail",
        "orange and black color pattern",
        "pointed ears",
        "sharp claws",
        "sharp fangs and claws",
        "white markings around the eyes and mouth",
        "white markings around the face and eyes"
    ],
    "tractor": [
        "a large, robust body",
        "large size",
        "large, chunky tires",
        "a long, distinctive exhaust pipeline",
        "a powerful engine housing",
        "a seat for the driver on the top",
        "a smokestack or exhaust pipe",
        "a steering wheel in an open cab",
        "a three-point hitch for attachment of implements",
        "big, heavy-duty tires",
        "colors, often green, red or blue",
        "distinctive shape with a front and rear section",
        "driver's seat and steering wheel",
        "exposed engine parts",
        "front loader or attachments",
        "heavy, prominent wheels, often larger at the back",
        "high ground clearance",
        "lights at the front and back",
        "towing attachments at the rear"
    ],
    "train": [
        "long, connected compartments or carriages",
        "long, cylindrical shape",
        "a front with a rounded nose or flat front",
        "a large front engine carriage",
        "connected compartments or carriages",
        "headlight at the front",
        "railway tracks beneath it",
        "smoke emissions from a smokestack",
        "smoke stack on top",
        "stack or funnel on the top for smoke",
        "tracks beneath it",
        "tracks beneath the train",
        "wheels connected to the railway track",
        "windows arranged in a row",
        "windows placed in a row along the body"
    ],
    "trout": [
        "brownish or greenish body color",
        "speckled pattern across body",
        "speckled pattern on body",
        "a forked tail fin",
        "an elongated, streamlined shape",
        "dorsal and caudal (tail) fins",
        "forked tail fin",
        "gills on the sides of the head",
        "long, streamlined shape",
        "patches of black spots",
        "prominent gill covers",
        "silver, grey or brown color",
        "slim, elongated body shape",
        "small scales visible on the body",
        "small, pointed head",
        "small, shiny scales",
        "white or silver underbelly"
    ],
    "tulip": [
        "a bulb-shaped flower",
        "bright and varied color range",
        "brightly colored cup-shaped flower",
        "a cup or teardrop shape when the flower is fully open",
        "blossoming bud or open blossom",
        "bright colors (usually red, pink, yellow, or white)",
        "central stalk",
        "elongated, green leaves",
        "flower buds that are not fully open",
        "flower head with three petals",
        "green leaves with pointed ends",
        "internal parts of the flower: stigma, stamens and petals",
        "long green stem",
        "petal shape, pointed at the ends",
        "smooth and long stem"
    ],
    "turtle": [
        "a hard, domed shell",
        "a hard, domed shell",
        "a short tail",
        "a small head",
        "a small head with beady eyes",
        "a tail",
        "distinctive pattern on shell, depending on the species",
        "four short legs",
        "four short, stubby legs",
        "green or brown color",
        "short, stubby legs",
        "tail at the back",
        "webbed feet for species that live in water",
        "webbed feet or claws"
    ],
    "wardrobe": [
        "a rectangular box shape",
        "large, rectangular shape",
        "tall, rectangular structure",
        "Made from materials such as wood or metal",
        "doors on the front",
        "doors or drawers for storage",
        "handles or knobs",
        "handles or knobs on the doors",
        "interior compartments or shelves",
        "interior shelves or racks",
        "often made of wood or metal",
        "shelves or racks inside",
        "wooden or metal material"
    ],
    "whale": [
        "large size",
        "large size body",
        "large, elongated body",
        "a blowhole on top of the head",
        "a dorsal fin on its back",
        "a horizontal tail called a fluke",
        "a large tail fluke",
        "a small eye in relation to body size",
        "a smooth, mostly hairless skin",
        "blowholes on top of its head",
        "dark blue or gray color",
        "fins on the side of its body",
        "flat tail, vertically oriented",
        "short fins on either side",
        "smooth and thick skin, usually dark gray or blue color",
        "smooth, shiny skin",
        "spout or blowhole on top of its head"
    ],
    "willow tree": [
        "drooping branches",
        "long drooping branches",
        "long, hanging branches",
        "a tall trunk",
        "branches close to the ground",
        "green color in spring and summer",
        "individual branches drooping toward the ground",
        "light green to yellow-green color of the leaves",
        "light green, narrow leaves",
        "narrow, elongated leaves",
        "narrow, long leaves",
        "often situated near water",
        "tall trunk",
        "traditionally a weeping or cascading shape.",
        "trunk is typically rough and gray"
    ],
    "wolf": [
        "pointy ears",
        "sharp pointed ears",
        "a large snout with sharp teeth",
        "bushy tail",
        "grey or white fur",
        "large canine teeth",
        "large, sharp teeth",
        "long bushy tail",
        "long, snout-like nose",
        "thick fur, often grey or brown",
        "thick fur, typically gray or white",
        "yellow eyes",
        "yellow or light-colored eyes"
    ],
    "woman": [
        "long hair",
        "breasts",
        "clothing typically associated with women such as dresses, skirts.",
        "curvaceous body shape",
        "curvaceous figure",
        "curvy body shape (bust, waist, hips)",
        "facial features like eyes, nose, lips",
        "facial makeup",
        "female facial features (such as eyelashes, thin eyebrows)",
        "high pitched voice",
        "often seen with makeup (lipstick, eyeliner, etc)",
        "usually wears dresses or skirts",
        "wearing female-style clothes"
    ],
    "worm": [
        "long and thin body",
        "long, slender body",
        "absence of limbs or eyes",
        "color varies from pinkish to brown",
        "lack of limbs or eyes",
        "lacks legs",
        "often found in moist environments or soil",
        "pink or brown in color",
        "pink, brown or earth-colored",
        "resembles a rope or string",
        "segmented or ringed body",
        "segmented texture",
        "smooth and shiny skin",
        "surface covered with small segments"
    ]
}