{
    "alpine sea holly": [
        "a cluster of small, white flowers at the top",
        "a rosette of spiky, blue-green leaves",
        "a rosette shape",
        "a spiky, greenish-gray appearance",
        "a tall central stalk",
        "a thick central stem",
        "lobed leaves",
        "silvery white color",
        "small white flowers",
        "spiny leaves"
    ],
    "anthurium": [
        "a bright red or pink flower",
        "a glossy, heart-shaped leaf",
        "a heart-shaped leaf",
        "a large, heart-shaped leaf",
        "a long stem",
        "a long, slender stem",
        "a waxy texture",
        "bright red or pink flowers",
        "green berries",
        "greenish-colored parts near the base of the flower",
        "red or white flowers"
    ],
    "artichoke": [
        "a fibrous interior",
        "a heart in the center",
        "a heart-shaped bottom",
        "a heart-shaped center",
        "a large, round shape",
        "a soft, white interior",
        "a spiky, green exterior",
        "a stem",
        "a stem attached at the bottom",
        "a thorny, green exterior"
    ],
    "azalea": [
        "a bush or shrub with many branches",
        "a bush with many branches",
        "a bushy shrub",
        "a sweet fragrance",
        "bright green leaves",
        "clusters of pink or white flowers",
        "clusters of small, pink or white flowers",
        "dark green leaves",
        "green leaves",
        "long, thin stems",
        "pink, purple, or white flowers",
        "thorny stems"
    ],
    "ball moss": [
        "a fuzzy or hairy surface",
        "a green or gray color",
        "a hairy or fuzzy surface",
        "a small, round shape",
        "a soft, velvety texture",
        "attached to a tree or other object",
        "attached to a tree or other surface",
        "covered in small, white flowers"
    ],
    "balloon flower": [
        "a big, round shape",
        "a bright color",
        "a bright, colorful surface",
        "a colorful exterior",
        "a large, round shape",
        "a long stem",
        "a long, ribbon-like tail",
        "a small mouth",
        "a small opening at the top",
        "a string attached",
        "a thin, elastic skin",
        "leaves at the base"
    ],
    "barbeton daisy": [
        "a green stem",
        "a large, round flower head",
        "a small, round flower",
        "a yellow center",
        "leaves",
        "leaves arranged in a rosette",
        "leaves arranged in a spiral pattern",
        "white petals"
    ],
    "bearded iris": [
        "a beard of dense, downward-pointing hairs on the inner edge of the iris",
        "a deep purple color",
        "a hairy, protruding center",
        "a large, showy flower",
        "a prominent central crest",
        "a purple or blue color",
        "a white or yellow beard on the center of the petals",
        "three large petals",
        "three petals and three sepals",
        "three petals and three sepals, all spreading outward",
        "two smaller petals"
    ],
    "bee balm": [
        "a bright, vibrant color (red, pink, or purple)",
        "a flower in the shape of a tube, with petals that can be red, pink, purple, or white",
        "a long stem",
        "a showy flower in shades of pink, purple, or white",
        "a slightly furry texture",
        "a small opening at the top",
        "a tall, slender stem",
        "a tubular shape",
        "lush, green leaves"
    ],
    "bird of paradise": [
        "a brightly colored body",
        "a brightly colored plumage",
        "a long, curved beak",
        "a long, tail",
        "a small body",
        "a small head",
        "a thin body",
        "legs with two toes pointing forwards and two toes pointing backwards",
        "long legs",
        "long tail feathers",
        "webbed feet",
        "wings with colorful feathers"
    ],
    "bishop of llandaff": [
        "a black cassock",
        "a black hat with a wide brim",
        "a cross around the neck",
        "a crozier",
        "a long, flowing robe",
        "a long, pointed beard",
        "a mitre",
        "a purple stole",
        "a staff in the hand",
        "a tall, pointed hat",
        "a tall, slender figure",
        "a tall, thin figure",
        "a white robe",
        "a white surplice"
    ],
    "black-eyed susan": [
        "a black center",
        "a black dot in the center",
        "a black or dark brown ring around the center",
        "a black-eyed susan flower has 8-12 petals",
        "a bright yellow color",
        "a green or yellowish-green outer ring",
        "a green stem",
        "a large, showy flower",
        "a long stem",
        "a ring of petals around the center",
        "a yellow or gold center",
        "green leaves",
        "yellow or gold petals"
    ],
    "blackberry lily": [
        "a cluster of small, black berries at the top",
        "a large, lily-like flower",
        "a large, orange-yellow lily flower",
        "a long, slender stem",
        "a long, thin stem",
        "a small, black seeds in the center of the flower",
        "a small, blackberry-like fruit",
        "a tall stalk with large, green leaves",
        "a yellow or orange flower",
        "clusters of small, black berries",
        "glossy, green leaves",
        "large, lance-shaped leaves"
    ],
    "blanket flower": [
        "a black center",
        "a bright yellow or orange color",
        "a deep red or orange color",
        "a deep red or purple color",
        "a fuzzy or hairy texture",
        "a green stem",
        "a large, flat petal",
        "a large, showy flower",
        "a long stem",
        "a ruffled appearance",
        "a yellow center"
    ],
    "bolero deep blue": [
        "a deep blue color",
        "a long, flowing tail",
        "a small mouth",
        "a small, round body",
        "blue fins",
        "orange fins"
    ],
    "bougainvillea": [
        "a large, flowering plant",
        "a range of colors including pink, purple, red, and orange",
        "a woody shrub or small tree",
        "a woody vine",
        "brightly colored flowers in clusters",
        "can be pink, purple, or red",
        "green leaves",
        "large, colorful bracts",
        "smooth, glossy leaves",
        "thick, green leaves",
        "three-lobed flowers",
        "vines or climbing stems"
    ],
    "bromelia": [
        "a central cup or vase",
        "a central stalk",
        "a central stem",
        "a cluster of flowers at the center",
        "a colorful inflorescence",
        "a rosette shape",
        "a tropical appearance",
        "bright green color",
        "large, colorful leaves",
        "leaves that are stiff and spiny",
        "spiky leaves",
        "thick, fleshy leaves"
    ],
    "buttercup": [
        "a bright yellow color",
        "a cup-shaped center",
        "a small, cup-shaped flower",
        "a small, cup-shaped yellow flower",
        "a small, yellow flower",
        "a stem",
        "a yellow center",
        "five petals",
        "green leaves"
    ],
    "californian poppy": [
        "a black center",
        "a bright orange color",
        "a green stem",
        "a long, flowing tail",
        "a small mouth",
        "a small, cup-shaped flower",
        "a small, round body",
        "a yellow center",
        "bright orange petals",
        "lance-shaped leaves",
        "lobed leaves",
        "orange fins"
    ],
    "camellia": [
        "a dark green color",
        "a deep red color",
        "a glossy texture",
        "a large, rounded flower",
        "a large, showy flower",
        "a long stem",
        "a slightly curved shape",
        "a small, white flower with five petals",
        "a smooth, elliptical shape",
        "a smooth, glossy texture",
        "green leaves"
    ],
    "canna lily": [
        "a symetrical shape",
        "a thick, fleshy stem",
        "a tropical or subtropical appearance",
        "large, green leaves",
        "large, oblong leaves",
        "red or orange flowers",
        "rounded shape",
        "tall, green stalks",
        "tall, slender stem",
        "tall, spiky flowers"
    ],
    "canterbury bells": [
        "a deep purple color",
        "a frilly edge",
        "a large, bell-shaped flower",
        "a long stem",
        "a ruffled edge",
        "a white or pale purple interior",
        "large leaves"
    ],
    "cape flower": [
        "a deep red or purple color",
        "a large, showy bloom",
        "a large, showy blossom",
        "a large, showy flower",
        "a long stem",
        "bright colors, including pink, purple, red, or white",
        "bright colors, such as pink, red, or purple",
        "large, green leaves"
    ],
    "carnation": [
        "a large, fluffy bloom",
        "a large, showy flower",
        "a light or bright color (usually pink, red, or white)",
        "a long stem",
        "a small, green center",
        "a variety of colors including pink, red, white, and yellow",
        "large, brightly-colored petals"
    ],
    "cautleya spicata": [
        "a bright yellow color",
        "a deep green color",
        "a green or yellowish-green color",
        "a long, spiky inflorescence",
        "a tall, slender plant",
        "a tall, slender shape",
        "a tall, spiky plant",
        "clusters of small, yellow flowers",
        "green leaves",
        "large, shiny leaves",
        "long, thin leaves",
        "spiked flowers"
    ],
    "clematis": [
        "a climbing plant",
        "a range of colors including purple, pink, red, white, and yellow",
        "a twining growth habit",
        "evergreen or deciduous leaves",
        "large, showy flowers",
        "leaflets arranged in pairs along the stems",
        "long, slender leaves",
        "showy flowers",
        "twining stems",
        "various colors, including purple, pink, white, and blue",
        "woody stems"
    ],
    "colt's foot": [
        "a basal rosette of leaves",
        "a hairy surface",
        "a large, heart-shaped leaf",
        "a long, curved stem",
        "a long, slender stem",
        "a small, yellow flower",
        "a small, yellow flower in the center",
        "a spreading habit",
        "a tall, slender stem",
        "a yellow or orange flower",
        "leaves that are deeply lobed or divided"
    ],
    "columbine": [
        "a bell-shaped flower",
        "a cluster of delicate, bell-shaped flowers",
        "a dull, spiky center",
        "a five-lobed flower",
        "a long, curved stem",
        "a long, slender stem",
        "a range of colors including blue, purple, pink, and white",
        "a range of colors including blue, purple, pink, white, and yellow",
        "a wide range of colors including blue, purple, pink, white, and yellow",
        "large, showy petals",
        "lush, green leaves"
    ],
    "common dandelion": [
        "a bright yellow color",
        "a deep taproot",
        "a long, slender stem",
        "a long, thin stem",
        "a round, fluffy head",
        "a round, puffball-like head",
        "a round, white puffball at the top",
        "green leaves at the base",
        "seeds that float away in the wind"
    ],
    "corn poppy": [
        "a black center",
        "a black or dark-colored center",
        "a large seedpod",
        "a large, red flower",
        "a stem with thorns",
        "a tall stem",
        "a thin, green stem",
        "green leaves",
        "long, green leaves",
        "thick, green leaves"
    ],
    "cyclamen": [
        "a bloom with five petals that curls back on itself",
        "a blooming flower with five petals",
        "a deep purple color",
        "a heart-shaped leaves",
        "a long flowering stem",
        "a long stem",
        "a range of colors including pink, purple, red, and white",
        "a range of colors including pink, purple, white, and red",
        "a small, heart-shaped leaves",
        "a tubular shape"
    ],
    "daffodil": [
        "a bright yellow color",
        "a large, yellow flower",
        "a long stem",
        "a long, green stem",
        "a long, slender stem",
        "a small, green leaf",
        "a trumpet-shaped bloom",
        "a trumpet-shaped blossom",
        "a yellow center",
        "a yellow or white color",
        "green leaves"
    ],
    "desert-rose": [
        "a beautiful rose-like shape",
        "a bulbous shape",
        "a central stalk with small leaves",
        "a deep pink color",
        "a light pink or white color",
        "a long, thin stem",
        "a rose-like shape",
        "a sandy brown or yellow color",
        "a sandy or dusty texture",
        "a small number of petals",
        "a small size",
        "crystalline surface",
        "found in arid regions"
    ],
    "english marigold": [
        "a bright yellow or orange color",
        "a large, round bloom",
        "a long stem",
        "a long, flowing tail",
        "a small mouth",
        "a small, round body",
        "green leaves",
        "orange fins",
        "yellow or orange fins"
    ],
    "fire lily": [
        "a bright red or orange color",
        "a deep red color",
        "a deep red or orange color",
        "a large, showy flower",
        "a large, trumpet-shaped flower",
        "a long stem",
        "a trumpet-shaped bloom",
        "a yellow center",
        "a yellow or green center",
        "green leaves",
        "long, slender petals",
        "long, thin stamen"
    ],
    "foxglove": [
        "a bell-shaped flower",
        "a bell-shaped flower at the top of the stem",
        "a cluster of small, bell-shaped flowers at the top",
        "a purple or pink color",
        "a purple or white color",
        "a spotted interior",
        "a tall, slender stem",
        "long, curved leaves",
        "long, pointy leaves"
    ],
    "frangipani": [
        "a center of stamens",
        "a deep pink or purple color",
        "a deep pink or red color",
        "a deep yellow or orange color",
        "a five-petaled bloom",
        "a green stem",
        "a large, showy flower",
        "a smooth, velvety texture"
    ],
    "fritillary": [
        "a butterfly with orange and black stripes",
        "a small to medium sized butterfly",
        "a small, delicate butterfly",
        "a wingspan of 2 to 3 inches",
        "a wingspan of 2-3 inches",
        "coiled antennae",
        "light brown or orange wings with black spots",
        "long antennae",
        "long, slender antennae",
        "orange or brown wings with silver spots",
        "slender body",
        "two pairs of wings"
    ],
    "garden phlox": [
        "a cluster of 5-petaled pink or purple flowers",
        "a cluster of many small, tubular flowers",
        "a cluster of small, five-petaled flowers at the top",
        "a green or purplish color",
        "a long blooming season",
        "a range of colors including pink, purple, red, and white",
        "a stem with leaves and flowers",
        "a tall, slender stem",
        "large, oval-shaped leaves",
        "listen leaves"
    ],
    "gaura": [
        "a long, slender stem",
        "a native of North America",
        "a perennial plant",
        "a rosette of basal leaves",
        "a taproot system",
        "clusters of small, white flowers",
        "fruit is a dry, one-seeded capsule",
        "has a rosette of basal leaves",
        "inflorescence with white or pink flowers",
        "lance-shaped leaves",
        "native to North America",
        "tall, slender stems with showy, white flowers"
    ],
    "gazania": [
        "a black or dark center",
        "a bright, daisy-like flower",
        "a bright, orange flower",
        "a point at the end of each petal",
        "a ring of petals in shades of yellow, orange, and red",
        "a rosette of leaves at the base of the plant",
        "a showy, daisy-like flower",
        "a yellow or orange center",
        "a yellow or white border",
        "green leaves",
        "oval-shaped petals",
        "petals that are usually striped or blotched with another color"
    ],
    "geranium": [
        "a bright red or pink color",
        "a brightly colored flower",
        "a green stem",
        "a large, showy flower",
        "a long stem",
        "a trumpet-shaped blossom",
        "a variety of colors including pink, red, purple, and white",
        "green leaves",
        "large, green leaves",
        "lush, green leaves"
    ],
    "giant white arum lily": [
        "a large, trumpet-shaped flower",
        "a large, white flower",
        "a long stem",
        "a small, yellowish-green center",
        "a sweet fragrance",
        "a tall stalk",
        "a thick, fleshy stem",
        "large, dark green leaves",
        "large, green leaves",
        "long, slender leaves",
        "white color"
    ],
    "globe thistle": [
        "a Globe-shaped body",
        "a blue or purple color",
        "a deep blue color",
        "a large, round flower head",
        "a prickly texture",
        "a round, spiky shape",
        "a small size",
        "a spiky, round head",
        "a tall, spiky plant",
        "a thin, purple stem",
        "prickly leaves",
        "small, blue flowers"
    ],
    "globe-flower": [
        "a central depression or \"eye\"",
        "a green center",
        "a green stem",
        "a petal-like structure",
        "a ring of petals around the eye",
        "a round, flattened shape",
        "a round, globe-shaped flower head",
        "a small, round shape",
        "a stem with leaves",
        "a white or purple color",
        "a yellow or white color"
    ],
    "grape hyacinth": [
        "a blue or purple color",
        "a cluster of 6-12 flowers on a stem",
        "a cluster of blooms",
        "a slender stem",
        "a small, blue flower",
        "a small, yellow center",
        "three petals",
        "three petals and three sepals"
    ],
    "great masterwort": [
        "a clusters of small white flowers",
        "a deep purple color",
        "a large, spiky flower",
        "a long stem",
        "a long, thin seedpod",
        "a tall plant with a thin stem",
        "a tall, slender stem",
        "branches near the top of the plant",
        "green leaves",
        "lacy, white flowers"
    ],
    "hard-leaved pocket orchid": [
        "a handle",
        "a long, flowing tail",
        "a long, rectangular body",
        "a small mouth",
        "a small, greenish-yellow flower",
        "a small, round body",
        "a small, yellowish-green pouch at the base of the flower",
        "a sturdy base",
        "a tall, cylindrical shape",
        "a thin, curved stem",
        "a windshield",
        "clear or translucent color",
        "four round, cylindrical shapes (wheels)",
        "headlights",
        "long, narrow leaves",
        "opening at the top",
        "orange fins",
        "orange finsList the most important features for recognizing something as a \"car\":",
        "taillights"
    ],
    "hibiscus": [
        "a bright, colorful flower",
        "a center stamen",
        "a deep red color",
        "a deep red or pink color",
        "a five-petaled shape",
        "a large, open bloom",
        "a large, showy flower",
        "a long, curved stamen",
        "a long, slender stalk",
        "a trumpet-shaped bloom",
        "a yellow center",
        "five petals",
        "green leaves",
        "petals that are ruffled or fringed"
    ],
    "hippeastrum": [
        "a bright red or pink color",
        "a bright, red color",
        "a bulbous base",
        "a green stem",
        "a large, trumpet-shaped flower",
        "a long stem",
        "a long, thick stem",
        "bulbous base",
        "lanceolate leaves",
        "large, green leaves",
        "large, showy flowers",
        "long, green leaves"
    ],
    "japanese anemone": [
        "a central stalk",
        "a deep pink or purple color",
        "a flower-like shape",
        "a large, round body",
        "a large, round flower",
        "a long, flowing skirt",
        "a pink or white color",
        "a small mouth",
        "a small, black center",
        "layers of petals",
        "long, thin stamens",
        "pink or white color",
        "tentacle-like appendages",
        "tentacles around the mouth"
    ],
    "king protea": [
        "a bright pink or red color",
        "a deep pink or red color",
        "a large, round flower",
        "a large, round flower head",
        "a long, curved stem",
        "a long, woody stem",
        "a stem with prickly thorns",
        "a woody texture",
        "large, green leaves",
        "thick, leathery leaves",
        "thick, leathery petals"
    ],
    "lenten rose": [
        "a clustered bloom",
        "a deep pink or purple color",
        "a deep purple or maroon color",
        "a five-petaled flower",
        "a leathery texture",
        "a long flowering period",
        "a ruffled or fringed appearance",
        "a small size",
        "a small, cup-shaped bloom",
        "a woody stem",
        "a yellow stamen in the center",
        "large, leathery leaves"
    ],
    "lotus": [
        "a green stem",
        "a green, leafy base",
        "a large, round flower",
        "a large, round shape",
        "a muddy bottom (if it is growing in water)",
        "a petal-like texture",
        "a pink or white color",
        "a smooth surface",
        "large, green leaves"
    ],
    "love in the mist": [
        "a dainty shape",
        "a delicate, lacy flower",
        "a distinctive shape, with thin petals and a central cluster of stamens",
        "a green or yellow stem",
        "a ring of petals around the center",
        "a small yellow center",
        "a small, delicate flower",
        "a small, round center",
        "a soft, downy texture",
        "a soft, fuzzy appearance",
        "a white or pale blue color",
        "leaves arranged in a spiral around the stem"
    ],
    "magnolia": [
        "a cream or white color",
        "a green stem",
        "a large, fragrant flower",
        "a tree or shrub form",
        "a woody tree",
        "glossy green leaves",
        "large, green leaves",
        "large, leathery leaves",
        "large, showy flowers",
        "white or pink flowers"
    ],
    "mallow": [
        "a small, round shape",
        "a small, white, fluffy ball",
        "a soft, spongy texture",
        "a sweet flavor",
        "a white or light-colored exterior",
        "a white or pale color",
        "often used in marshmallows or as a topping on desserts"
    ],
    "marigold": [
        "a bright yellow or orange color",
        "a bright, yellow color",
        "a large, showy bloom",
        "a long stem",
        "a long, thin stem",
        "a small, round shape",
        "a thin stem",
        "a yellow or orange color",
        "green leaves"
    ],
    "mexican aster": [
        "a green stem",
        "a hairy stem",
        "a small, daisy-like flower",
        "a small, round flower",
        "a small, round yellow flower",
        "a yellow center",
        "lance-shaped leaves",
        "petals that are slightly curved inward",
        "purple petals"
    ],
    "mexican petunia": [
        "a deep purple color",
        "a long stem",
        "a long, slender stem",
        "a small, trumpet-shaped flower",
        "a star-shaped pattern on the petals",
        "a trumpet-shaped flower",
        "a white or pale purple throat",
        "a yellow center",
        "clusters of flowers",
        "pointed leaves"
    ],
    "monkshood": [
        "a hood-like shape to the flowers",
        "a hooded shape to the flower",
        "a poisonous plant",
        "a small, round seed capsule",
        "a small, yellow center",
        "a tall stalk with a blue or purple flower",
        "a tall, slender stem",
        "dark blue or purple flowers",
        "green leaves",
        "lance-shaped leaves",
        "lobed leaves",
        "pointed, hood-like petals",
        "purple or blue flowers"
    ],
    "moon orchid": [
        "a central, yellowish stripe",
        "a central, yellowish-green spot",
        "a delicate, papery texture",
        "a fragrant scent",
        "a large, white flower",
        "a long, curved spur",
        "a purple or yellowish hue",
        "a small, delicate body",
        "a thin stem",
        "a white or pale color",
        "large, showy petals",
        "long, slender petals",
        "three petals and three sepals"
    ],
    "morning glory": [
        "a climbing plant",
        "a colorful (usually blue) petal",
        "a deep blue or purple color",
        "a green stem",
        "a large, trumpet-shaped flower",
        "a slender stem",
        "a trumpet-shaped flower",
        "a vine",
        "large, green leaves",
        "long, green leaves"
    ],
    "orange dahlia": [
        "a central cone or disc",
        "a deep orange color",
        "a large, round bloom",
        "a large, round flower",
        "a large, showy flower",
        "a long stem",
        "a ruffled or feathered appearance",
        "a ruffled or fringed appearance",
        "a yellow center",
        "green leaves",
        "large outer petals",
        "thick, green leaves"
    ],
    "osteospermum": [
        "a brown or black center",
        "a daisy-like flower",
        "a dark center",
        "a long stem",
        "a yellow or white center",
        "green leaves",
        "purple petals",
        "yellow or white petals"
    ],
    "oxeye daisy": [
        "a fresh, floral scent",
        "a green stem",
        "a large, bright white flower",
        "a large, round flower head",
        "a small, round flower head",
        "a stem with small leaves",
        "a strong stem",
        "a yellow center",
        "bright white petals",
        "green leaves",
        "leaves growing from the stem",
        "lush, green leaves",
        "white petals"
    ],
    "passion flower": [
        "a complex structure with many petals and stamen",
        "a deep purple or blue color",
        "a five-lobed corolla",
        "a large, showy bloom",
        "a large, showy flower",
        "a long, curling stem",
        "a long, curly pistil",
        "a purple or blue color",
        "a range of colors including purple, blue, pink, and red",
        "a white or yellow center",
        "large leaves"
    ],
    "pelargonium": [
        "a cluster of small, pink flowers at the end of the stem",
        "a large number of petals",
        "a long stem",
        "a range of colors including pink, red, purple, and white",
        "a rounded shape",
        "a small, bushy plant",
        "bright green leaves",
        "distinctive, scalloped edges on the leaves",
        "large, green leaves",
        "small, pink or white flowers"
    ],
    "peruvian lily": [
        "a deep purple color",
        "a long stem",
        "a long, green stem",
        "a long, slender stem",
        "a sweet fragrance",
        "a trumpet-shaped flower",
        "a white or yellow flower at the top",
        "a yellow stamen in the center of each flower",
        "greenery around the base of the flower",
        "large, green leaves",
        "large, trumpet-shaped flowers",
        "three petals per flower"
    ],
    "petunia": [
        "a bright, cheerful color",
        "a green stem",
        "a range of colors including pink, purple, red, and white",
        "a small, round shape",
        "a smooth texture",
        "a sweet fragrance",
        "a trumpet-shaped flower",
        "green leaves",
        "large, green leaves",
        "vibrant colors including pink, purple, and red"
    ],
    "pincushion flower": [
        "a deep purple color",
        "a fringed edge",
        "a long, thin stem",
        "a pointy top",
        "a sharp point at the center",
        "a small, round body",
        "a small, round center",
        "a small, round shape",
        "a spiky texture",
        "a yellow center",
        "brightly colored petals"
    ],
    "pink primrose": [
        "a center of yellow stamens",
        "a five-petaled flower",
        "a green stem with leaves",
        "a long stem",
        "a pink or pale purple color",
        "a simple flower shape",
        "a small yellow center",
        "a small, delicate body",
        "a small, delicate size",
        "green leaves",
        "pink color"
    ],
    "pink-yellow dahlia": [
        "a central disk of small, yellow flowers",
        "a central disk of yellow florets",
        "a green stem",
        "a large, flower with petals that are pink and yellow",
        "a large, showy flower",
        "a yellow center",
        "blooms from summer to fall",
        "green leaves",
        "grows in a range of climates",
        "large, pointed leaves",
        "pink and yellow petals"
    ],
    "poinsettia": [
        "a bright red or green color",
        "a cluster of red, trumpet-shaped flowers",
        "a group of green leaves",
        "a large, red central cluster of leaves",
        "a milky sap",
        "a red, velvet-like center",
        "a stalk with small red leaves at the top",
        "a star-shaped center",
        "a stem",
        "groups of three leaves",
        "pointed leaf tips",
        "smaller green leaves around the outside"
    ],
    "primula": [
        "a five-lobed petal structure",
        "a ring of petals around the cup",
        "a rosette of leaves at the base of the stem",
        "a short stem",
        "a small, central cup",
        "a small, delicate flower",
        "a small, delicate plant",
        "a small, round shape",
        "a wide range of colors including yellow, pink, purple, and red",
        "a wide variety of colors including pink, purple, red, white, and yellow",
        "bright green leaves",
        "cheerful-looking flowers in shades of yellow, pink, or purple",
        "lobed leaves"
    ],
    "prince of wales feathers": [
        "a curved top",
        "a dark color",
        "a distinctive pattern of black, white, and gray colors",
        "a long, slender shape",
        "a long, thin shape",
        "a pointed end",
        "a striped or checkered pattern",
        "a striped pattern",
        "a tuft of feathers at the end",
        "curved shape",
        "long, thin feathers"
    ],
    "purple coneflower": [
        "a black center",
        "a deep purple color",
        "a green cone-shaped center",
        "a green stem",
        "a hairy stem",
        "a large, cone-shaped flower head",
        "a large, purple flower",
        "a long flowering season",
        "a long, green stem",
        "a tall, slender stem",
        "green leaves",
        "large, green leaves",
        "large, purple petals",
        "pointed leaves"
    ],
    "red ginger": [
        "a bright red color",
        "a knob-like base",
        "a long, thin shape",
        "a pointed top",
        "a slightly bulbous end",
        "a slightly curved shape",
        "a smooth surface",
        "a smooth, shiny surface",
        "a tall, slender shape"
    ],
    "rose": [
        "a colorful blossom",
        "a deep red color",
        "a long stem",
        "a soft, velvety texture",
        "green leaves",
        "large, brightly-colored petals",
        "large, green leaves",
        "thorny stem",
        "thorny stems"
    ],
    "ruby-lipped cattleya": [
        "a deep red color",
        "a deep red or purple color",
        "a greenish-white base",
        "a large, showy blossom",
        "a large, showy flower",
        "a long stem",
        "a long, curved tube-shaped lip",
        "a trumpet-shaped bloom",
        "a yellow throat",
        "deep green leaves",
        "lips that protrude outward",
        "three bottom petals",
        "two side petals"
    ],
    "siam tulip": [
        "a bright pink or red color",
        "a deep red color",
        "a deep red or purple color",
        "a large, bulbous shape",
        "a long, curved stem",
        "a long, slender shape",
        "a pointed tip",
        "a pointed top",
        "a ruffled bottom",
        "a ruffled or fringed edge",
        "a sweet fragrance",
        "large, green leaves"
    ],
    "silverbush": [
        "a bright orange color",
        "a long, flowing tail",
        "a long, silver-colored tail",
        "a native of Australia",
        "a small mouth",
        "a small, round body",
        "a small, shrubby plant",
        "gray-green leaves",
        "orange fins",
        "silver fins",
        "silver-white flowers"
    ],
    "snapdragon": [
        "a colorful, trumpet-shaped flower",
        "a delicate appearance",
        "a large, yellow flower",
        "a long stem",
        "a long, thin stem",
        "a slightly fuzzy texture",
        "a small, green body",
        "a small, green leaf",
        "a variety of colors, including white, pink, red, purple, and yellow",
        "a yellow pistil",
        "green leaves",
        "small, trumpet-shaped flowers"
    ],
    "spear thistle": [
        "a green or purple color",
        "a green or purplish color",
        "a large, purple flower head",
        "a large, round flower head",
        "a large, spiky flower head",
        "a long taproot",
        "a prickly texture",
        "a spiny, prickly texture",
        "a tall stem with sharp spines",
        "a tall, spiky plant",
        "lush green leaves"
    ],
    "spring crocus": [
        "a bright purple or white flower",
        "a purple or white flower",
        "a purple, white, or yellow flower",
        "a short stem",
        "a small, slender plant",
        "a small, slender stem",
        "a yellow center",
        "pointed, green leaves",
        "three green sepals",
        "three petals",
        "three petals, two of which are often striped"
    ],
    "stemless gentian": [
        "a deep blue color",
        "a green calyx",
        "a trumpet-shaped flower",
        "a yellow center",
        "blooms in late summer or early fall",
        "no stem"
    ],
    "sunflower": [
        "a big, round center",
        "a brown or black center",
        "a green stem",
        "a large central disk",
        "a large, bright yellow flower",
        "a thick, fibrous stem",
        "a thin, curved stem",
        "large, green leaves",
        "lots of green leaves",
        "yellow petals"
    ],
    "sweet pea": [
        "a green or greenish-blue color",
        "a green or pink color",
        "a small, hard seed inside",
        "a small, round shape",
        "a smooth surface"
    ],
    "sweet william": [
        "a cluster of small, brightly-colored flowers at the top",
        "a slender stem",
        "a small, round flower",
        "a sweet fragrance",
        "a tall, spiky stem",
        "a yellow center",
        "clusters of small, pink flowers",
        "green leaves",
        "oval-shaped leaves",
        "pink or red petals"
    ],
    "sword lily": [
        "a cluster of orange or yellow flowers at the top",
        "a long, slender stem",
        "a long, thin stem",
        "a sword-like shape",
        "a sword-shaped leaf",
        "a tall, thin bloom",
        "a white or yellow flower at the end of the stem",
        "long, thin leaves",
        "pointed petals"
    ],
    "thorn apple": [
        "a green or yellow color",
        "a hard, green exterior",
        "a hard, prickly exterior",
        "a small, hard seed in the center",
        "a small, round shape",
        "a smooth interior",
        "a smooth, green exterior",
        "a soft, white interior",
        "a spiky exterior",
        "a spiky, green interior",
        "a sweet taste"
    ],
    "tiger lily": [
        "a bulbous base",
        "a greenish-yellow center",
        "a large, orange flower with black spots",
        "a large, showy flower with orange petals and black spots",
        "a long, orange stamen in the center of the flower",
        "a tall stem",
        "a tall stem with a long, slender leaves",
        "a tall stem with green leaves",
        "large, orange flowers",
        "long, green leaves"
    ],
    "toad lily": [
        "a cluster of small, black spots on the flower",
        "a creeping or vining habit",
        "a dark green or brown body",
        "a large, dark-colored lily pad",
        "a long, slender stem",
        "a mottled or variegated pattern",
        "a small, dark-colored flower",
        "a white or light-colored belly",
        "bulging eyes",
        "large, heart-shaped leaves",
        "long, sticky tongue",
        "purple flowers",
        "short legs"
    ],
    "tree mallow": [
        "a hairy fruit",
        "a large, sprawling shrub",
        "a profusion of small, pink flowers",
        "a tall, slender plant",
        "a woody stem",
        "clusters of small, pink flowers",
        "deep green leaves",
        "large, lobed leaves",
        "white or pink flowers"
    ],
    "tree poppy": [
        "a black or dark brown center",
        "a black or dark green center",
        "a deep red or orange color",
        "a green stem",
        "a large, bright red flower",
        "a large, showy flower",
        "a long, green stem",
        "a tall stem",
        "green leaves",
        "large, lobed leaves",
        "long, green leaves"
    ],
    "trumpet creeper": [
        "a climbing plant",
        "a climbing vine",
        "a long, trumpet-shaped bloom",
        "a long, winding stem",
        "a small, yellowish-orange flower",
        "a trumpet-shaped bloom",
        "a trumpet-shaped flower",
        "a woody stem",
        "green leaves",
        "native to North America",
        "red, orange, or yellow flowers",
        "yellow or orange flowers"
    ],
    "wallflower": [
        "a few small yellow flowers",
        "a long stem",
        "a petite frame",
        "a shy nature",
        "a small, delicate body",
        "a small, unassuming plant",
        "a small, yellow flower",
        "a tendency to grow close to walls or other vertical surfaces",
        "a timid demeanor",
        "a yellow center",
        "green leaves"
    ],
    "water lily": [
        "a floating leaves",
        "a green or yellow color",
        "a large, flat leaf",
        "a large, round shape",
        "a long stem",
        "a slightly concave center",
        "a smooth texture",
        "a stem attached to the bottom",
        "a white or pink flower",
        "a white or yellow flower",
        "floating in water"
    ],
    "watercress": [
        "a Mustard family Brassica oleracea",
        "a bright green color",
        "a green color",
        "a long, slender stem",
        "a long, thin stem",
        "a small, delicate plant",
        "a small, green, leafy plant",
        "a stem",
        "crisp texture",
        "peppery flavor",
        "small, round leaves",
        "thin, pointy leaves"
    ],
    "wild pansy": [
        "a bright purple color",
        "a brightly colored petal (usually purple or yellow)",
        "a dark center",
        "a green stem",
        "a small, delicate flower",
        "a small, round shape",
        "a violet or purple color",
        "a yellow center",
        "five petals",
        "five petals arranged in a circle",
        "green leaves",
        "leaves with a jagged edge"
    ],
    "windflower": [
        "a large, brightly-colored flower",
        "a long stem",
        "a long, slender petal",
        "a long, thin leaves",
        "a long, thin pistil",
        "a nodding habit",
        "a slender stem",
        "a small, delicate flower",
        "a small, pointed leaf",
        "a yellow or white color",
        "pale petals",
        "thin, papery petals"
    ],
    "yellow iris": [
        "a black center",
        "a black pupil in the center",
        "a circular or oval shape",
        "a round or oval shape",
        "a white or pale-colored ring around the pupil",
        "a yellow or gold color",
        "a yellow or golden color",
        "a yellow or orange color",
        "green or brown outer edges",
        "thick, furry edges"
    ]
}