{
    "apple pie": [
        "a deep dish shape",
        "a flaky or crumbly crust",
        "a flaky or crusty exterior",
        "a flaky, buttery crust",
        "a lattice top",
        "a lattice top crust",
        "a round or oval shape",
        "a small hole in the top for venting steam",
        "a sweet filling made of apples",
        "a sweet or savory filling",
        "spices like cinnamon, nutmeg, and cloves"
    ],
    "baby back ribs": [
        "a curved, elongated shape",
        "a fatty, meaty texture",
        "a rack of curved bones",
        "a reddish-brown or grayish-brown color",
        "a ribbed surface",
        "a slightly sweet, smoky flavor",
        "a small amount of meat on the bone",
        "a smoky, BBQ flavor",
        "a thin layer of meat covering the bones",
        "long, thin shape",
        "tender texture"
    ],
    "baklava": [
        "a flaky pastry crust",
        "a flaky, phyllo dough crust",
        "a honey or syrup glaze",
        "a rectangular or square shape",
        "a sweet filling (usually made with nuts and honey)",
        "a sweet filling made of nuts and honey",
        "a sweet filling, often made with nuts",
        "a symmetry",
        "a syrup or glaze on top"
    ],
    "beef carpaccio": [
        "a small portion size",
        "decorated with sauce, vegetables, or other garnishes",
        "marbled appearance",
        "may be garnished with arugula, shaved Parmesan, olive oil, and lemon juice",
        "red or pink color",
        "served with a dressing or sauce",
        "serves as an appetizer",
        "thinly sliced raw beef"
    ],
    "beef tartare": [
        "a garnish of diced onion, capers, and parsley",
        "a mound of ground beef",
        "a raw egg yolk on top",
        "a slightly pink color",
        "a soft, almost mushy texture",
        "a soft, crumbly texture",
        "chopped onions",
        "raw beef that is finely chopped",
        "raw egg yolk on top",
        "red meat, usually beef, that is finely chopped or minced",
        "seasonings like salt, pepper, and Worcestershire sauce",
        "toasted bread on the side"
    ],
    "beet salad": [
        "a dressing or vinaigrette",
        "a light dressing",
        "a mix of colors including red, purple, and green",
        "a mix of red and green colors",
        "a variety of other vegetables",
        "a variety of shapes (cubes, slices, etc.)",
        "a variety of textures (smooth, crunchy, etc.)",
        "a variety of textures including crunchy, chewy, and soft",
        "crumbled goat cheese",
        "lettuce",
        "red and/or green beets"
    ],
    "beignets": [
        "a dusting of powdered sugar",
        "a fried or doughy texture",
        "a fried or puffy texture",
        "a hole in the center",
        "a light or golden color",
        "a small, round shape",
        "a smooth surface",
        "a soft, fluffy interior",
        "a sugar coating",
        "a sugarcoated exterior",
        "a cream, white or off-white color"
    ],
    "bibimbap": [
        "a bowl of rice",
        "a common Korean dish",
        "a rice dish topped with vegetables, meat, and a spicy sauce",
        "meat is typically beef, but can also be chicken or pork",
        "often served in a hot stone bowl",
        "served with gochujang, a Korean chili paste",
        "spicy red pepper paste",
        "topped with vegetables, meat, and an egg",
        "vegetables may include bean sprouts, carrots, cucumber, and spinach",
        "with gochujang sauce on the side"
    ],
    "bread pudding": [
        "a bread-like base",
        "a custard-like or pudding-like texture",
        "a custard-like sauce",
        "a deep brown or caramel color",
        "a dense, moist texture",
        "a loaf or pan of bread",
        "a lumpy, dense texture",
        "a moist, chewy consistency",
        "a variety of fruits and/or nuts",
        "butter",
        "cinnamon",
        "eggs",
        "milk",
        "nutmeg",
        "raisins",
        "sugar"
    ],
    "breakfast burrito": [
        "a soft tortilla",
        "bacon or sausage",
        "cheese",
        "eggs",
        "green chiles",
        "hot sauce",
        "potatoes",
        "salsa or hot sauce",
        "sausage",
        "sausage or bacon",
        "scrambled eggs"
    ],
    "bruschetta": [
        "a crispy texture",
        "a crusty texture",
        "a dark, golden-brown color",
        "a light golden-brown color",
        "a small, round or oval shape",
        "a small, round piece of bread",
        "a small, round, or oval-shaped bread",
        "topped with olive oil and other ingredients such as tomatoes, garlic, or basil",
        "topped with olive oil, tomatoes, and herbs",
        "topped with olive oil, tomatoes, and/or other savory toppings"
    ],
    "caesar salad": [
        "a Caesar dressing, which is typically made of anchovies, garlic, lemon juice, olive oil, Worcestershire sauce, and black pepper",
        "a bed of lettuce",
        "a creamy dressing (often containing anchovies)",
        "a mix of green leafy vegetables (lettuce, kale, etc.)",
        "a mix of greens, typically including romaine lettuce",
        "croutons",
        "may also include chicken or bacon",
        "shaved Parmesan cheese",
        "shredded Parmesan cheese",
        "topped with croutons, Parmesan cheese, and a Caesar dressing"
    ],
    "cannoli": [
        "a creamy filling",
        "a crispy shell",
        "a dusting of powdered sugar",
        "a long, cylindrical shape",
        "a long, tubular shape",
        "a tubular shape"
    ],
    "caprese salad": [
        "balsamic vinegar",
        "basil leaves",
        "fresh basil leaves",
        "olive oil",
        "slices of fresh mozzarella cheese",
        "slices of fresh tomatoes",
        "slices of tomatoes"
    ],
    "carrot cake": [
        "a brown or orange color",
        "a cream cheese frosting",
        "a cream cheese frosting",
        "a creamy frosting",
        "a deep, booming voice",
        "a dense, moist texture",
        "a large, muscular body",
        "a light or dark brown color",
        "a mane of thick, long hair",
        "a moist, dense texture",
        "a predatory nature",
        "a rectangular or square shape",
        "a rectangular shape",
        "a rich, orange color",
        "a short tail",
        "a smooth texture",
        "a spiral shape",
        "a textured surface",
        "a yellow or orange color",
        "raisins or other toppings on top"
    ],
    "ceviche": [
        "a dish of fish or shellfish marinated in citrus juice",
        "a mix of fresh seafood",
        "a spicy chili pepper",
        "a variety of vegetables",
        "chili pepper",
        "chili peppers",
        "cilantro",
        "citrus juice",
        "marinated in citrus juice",
        "onion",
        "raw fish or seafood",
        "raw seafood"
    ],
    "cheese plate": [
        "a flat, round surface",
        "a knife",
        "a raised edge",
        "a raised edge around the circumference",
        "a raised edge around the perimeter",
        "a small, flat surface",
        "a variety of cheeses",
        "a variety of cheeses arranged on the plate",
        "a variety of colors and textures",
        "crackers or bread",
        "garnishes such as crackers, grapes, or nuts",
        "sliced fruit or nuts"
    ],
    "cheesecake": [
        "a creamy, white filling",
        "a crumbly or cookie-like crust",
        "a crust or pastry base",
        "a dense, cake-like base",
        "a round or rectangular shape",
        "a round or square shape",
        "a smooth, top layer",
        "a thick, creamy texture",
        "topped with fruit or chocolate",
        "topped with fruit or whipped cream",
        "various toppings (fruit, chocolate, nuts, etc.)"
    ],
    "chicken curry": [
        "a thick, creamy texture",
        "a thick, gravy-like consistency",
        "a thick, orange-yellow sauce",
        "a yellow or orange color",
        "carrots",
        "chunks of white meat",
        "green peas",
        "pieces of chicken",
        "rice",
        "spices such as turmeric, coriander, and cumin",
        "vegetables such as onion, potato, and carrot",
        "vegetables such as onions, carrots, and potatoes"
    ],
    "chicken quesadilla": [
        "a flat, round tortilla",
        "a flour tortilla",
        "a tortilla filled with chicken and cheese",
        "can be made with different kinds of cheese",
        "can be made with different kinds of tortillas",
        "cheese",
        "chicken",
        "chicken pieces",
        "grilled or fried",
        "maybe some vegetables",
        "salsa",
        "salsa or other sauce",
        "served with salsa and sour cream",
        "sour cream"
    ],
    "chicken wings": [
        "a crispy skin",
        "a crispy, fried exterior",
        "a dipping sauce",
        "a drumette and a flat wingtip",
        "a furry exterior",
        "a pair of wings",
        "a plump, soft body",
        "a small, chicken-like body",
        "a small, drumstick-like shape",
        "a small, round head",
        "a small, thin body",
        "crispy or breaded exterior",
        "round shape",
        "stubby limbs",
        "two small wings"
    ],
    "chocolate cake": [
        "a dark brown color",
        "a dark brown or black color",
        "a frosting or icing topping",
        "a layer of frosting",
        "a light dusting of cocoa powder",
        "a moist texture",
        "a rich, chocolate flavor",
        "a round or rectangular shape",
        "a round or square shape",
        "a textured surface",
        "a thick frosting"
    ],
    "chocolate mousse": [
        "a creamy, smooth texture",
        "a dark brown color",
        "a glossy sheen",
        "a light brown or brownish color",
        "a light, airy consistency",
        "a smooth, creamy texture",
        "a sweet taste"
    ],
    "churros": [
        "a coating of sugar or cinnamon",
        "a dusting of sugar or cinnamon",
        "a fluffy interior",
        "a fried or baked exterior",
        "a fried or crispy texture",
        "a light brown color",
        "a long, thin shape",
        "a long, thin, fried dough pastry",
        "a ridged or spiral surface",
        "a ridged or spiraled surface",
        "a small amount of sugar or cinnamon on the surface"
    ],
    "clam chowder": [
        "a creamy, white or off-white color",
        "a creamy, white soup",
        "a light seasoning of thyme",
        "a thick, creamy soup",
        "a thick, creamy texture",
        "a thick, stew-like consistency",
        "chunks of potatoes and clams",
        "chunks of potatoes, onions, and celery",
        "clams in the shell",
        "pieces of clam and potato",
        "white or off-white in color"
    ],
    "club sandwich": [
        "bacon or ham",
        "cheese",
        "cut into quarters",
        "layers of meat, cheese, and vegetables",
        "lettuce",
        "lettuce, tomato, and onion",
        "mayonnaise or dressing",
        "mayonnaise or mustard",
        "three slices of bread",
        "tomato",
        "two layers of meat",
        "two slices of bread"
    ],
    "crab cakes": [
        "a brown or red color",
        "a crispy or breaded texture",
        "a crispy texture",
        "a fluffy texture",
        "a golden or brown color",
        "a grid-like pattern",
        "a slightly chewy consistency",
        "a small, flat shape",
        "a small, round shape",
        "a sweet flavor",
        "brown or reddish color"
    ],
    "creme brulee": [
        "a custard base",
        "a golden brown color",
        "a hard, caramelized top",
        "a hard, crunchy topping",
        "a smooth, creamy texture",
        "a smooth, custard-like texture",
        "a yellow or golden color",
        "served in a small, round dish",
        "vanilla flavor"
    ],
    "croque madame": [
        "a buttery, crusty exterior",
        "a fried egg on top",
        "a gooey, cheesy interior",
        "a layer of cheese",
        "a layer of ham",
        "a rectangular or oval-shaped piece of bread",
        "a sandwich with bread, cheese, and ham",
        "a sauce or condiment",
        "a toasted sandwich with ham and cheese",
        "served with a side of salad or fries",
        "toasted bread",
        "topped with a fried egg"
    ],
    "cup cakes": [
        "a cake-like texture",
        "a decoration on top",
        "a frosting or icing topping",
        "a light, fluffy texture",
        "a small, individual cake",
        "a small, round shape",
        "a sweet flavor",
        "decorations on the surface",
        "frosting or icing on top",
        "various decorations"
    ],
    "deviled eggs": [
        "a small, dark brown spot in the center",
        "a small, dark green spot on one side",
        "a small, dark red spot on the other side",
        "a small, oval shape",
        "a small, pointed end",
        "a small, round opening at the top",
        "a small, round shape",
        "a smooth surface",
        "a smooth, white surface",
        "a smooth, yellow-orange surface",
        "a yellow or orange center",
        "a yellow or white color"
    ],
    "donuts": [
        "a fried exterior",
        "a glazed or frosted topping",
        "a hole in the center",
        "a round shape",
        "a round shape with a hole in the center",
        "a soft interior",
        "a soft, fluffy interior",
        "a soft, fluffy texture",
        "a sweet, sugary coating",
        "sprinkles or other decorations"
    ],
    "dumplings": [
        "a floury or doughy exterior",
        "a friendly face",
        "a round shape",
        "a savory or sweet filling",
        "a small, round shape",
        "a soft texture",
        "a soft, doughy texture",
        "a soft, plush body",
        "a stubby nose",
        "a variety of fillings (meat, vegetables, etc.)",
        "a wrapper made of dough",
        "can be boiled, fried, or steamed",
        "small, round ears",
        "steamed or boiled"
    ],
    "edamame": [
        "a black, hard shell",
        "a fresh, green color",
        "a green, oval-shaped body",
        "a large, flat end",
        "a slightly flattened shape",
        "a small, black head",
        "a small, green bean",
        "a small, pointed end",
        "a smooth, bumpy surface",
        "a smooth, glossy surface",
        "a soft, green interior",
        "a thin, white line running down the center"
    ],
    "eggs benedict": [
        "Canadian bacon",
        "a poached egg",
        "a poached egg on top of a piece of ham",
        "a round English muffin",
        "hollandaise sauce",
        "may also include spinach",
        "paprika",
        "topped with hollandaise sauce"
    ],
    "escargots": [
        "a brown or gray color",
        "a brown or gray shell",
        "a hard shell",
        "a long, spiral-shaped shell",
        "a slimy body",
        "a small, round shell",
        "a small, snail-like creature",
        "a small, snail-like shape",
        "a smooth, slimy texture",
        "a spiral pattern on the shell",
        "often served in a dish with sauce",
        "two small tentacles",
        "usually found in groups"
    ],
    "falafel": [
        "a crispy exterior",
        "a fried or baked exterior",
        "a green or brown color",
        "a savory flavor",
        "a small, round shape",
        "a soft interior",
        "a soft, doughy interior",
        "spices such as cumin, coriander, and chili pepper"
    ],
    "filet mignon": [
        "a pink or red color",
        "a small, rectangular shape",
        "a tender texture",
        "a lean cut of meat",
        "a smooth texture",
        "a tender consistency"
    ],
    "fish and chips": [
        "a fried potato chip",
        "a lemon wedge",
        "a piece of fish, typically cod, that has been fried in batter",
        "a piece of fried fish",
        "a piece of whitefish covered in batter",
        "a serving of chips, or French fries",
        "fried and served with chips (fried potatoes)",
        "mayonnaise or vinegar often added",
        "tartar sauce",
        "tartar sauce or ketchup for dipping",
        "vinegar and salt for seasoning"
    ],
    "foie gras": [
        "a delicate, melt-in-your-mouth consistency",
        "a firm but yielding texture",
        "a large, showy flower",
        "a light pink or tan color",
        "a long stem",
        "a pale pink or white color",
        "a range of colors including red, pink, white, and yellow",
        "a small, round shape",
        "a smooth, creamy texture",
        "a smooth, unctuous texture",
        "a sweet fragrance",
        "thorny branches"
    ],
    "french fries": [
        "crisp texture",
        "crispy texture",
        "golden brown color",
        "golden-brown color",
        "long, thin shape",
        "salty taste"
    ],
    "french onion soup": [
        "a bowl-shaped container",
        "a dark broth",
        "a dark brown or black color",
        "a dark brown or red color",
        "a deep bowl",
        "a deep, oven-proof bowl",
        "a layer of melted cheese on top",
        "a thick, hearty broth",
        "a thick, hearty soup",
        "lots of onions",
        "onions floating in the soup",
        "toasted bread on top",
        "topped with melted cheese and croutons"
    ],
    "french toast": [
        "a piece of bread",
        "a slice of bread",
        "butter",
        "cinnamon",
        "cinnamon sugar",
        "egg wash",
        "eggs",
        "fried in butter",
        "milk",
        "sliced in thick pieces",
        "sugar"
    ],
    "fried calamari": [
        "a crispy texture",
        "a crispy, fried exterior",
        "a crispy, golden brown exterior",
        "a dipping sauce",
        "a light brown color",
        "a long, flowing tail",
        "a small mouth",
        "a small, round body",
        "a soft, pillowy interior",
        "orange fins",
        "rings of squid",
        "salt and pepper seasoning",
        "tender, chewy texture"
    ],
    "fried rice": [
        "a mass of white rice",
        "a mix of vegetables and rice",
        "a mound of rice",
        "a savory flavor",
        "a variety of textures",
        "a yellow or brownish color",
        "carrots",
        "chopped up carrots",
        "fried eggs",
        "fried in oil",
        "green onions",
        "onions",
        "peas",
        "sliced up green onions",
        "small, green peas",
        "soy sauce"
    ],
    "frozen yogurt": [
        "a cold temperature",
        "a cup or cone shape",
        "a small, cup-like container",
        "a soft, creamy texture",
        "a spoon for eating",
        "a variety of toppings",
        "frozen, creamy texture",
        "various flavors and toppings"
    ],
    "garlic bread": [
        "a buttery or oily texture",
        "a crispy crust",
        "a crispy, golden brown crust",
        "a long, flat loaf of bread",
        "a long, oval-shaped loaf",
        "a long, thin loaf of bread",
        "a soft, fluffy interior",
        "a strong garlic flavor",
        "may have cheese",
        "may have herbs",
        "often served warm",
        "toasted or grilled appearance",
        "topped with garlic and butter"
    ],
    "gnocchi": [
        "a light, fluffy texture",
        "a oblong or oval shape",
        "a slightly chewy consistency",
        "a slightly irregular shape",
        "a small, oval shape",
        "a small, potato-based dumpling",
        "a small, potato-shaped dumpling",
        "a smooth surface",
        "a smooth, slightly textured surface",
        "can be different colors (potato, spinach, etc.), but typically white or tan",
        "can be made with various fillings like cheese, meat, or vegetables",
        "usually made with wheat or potato flour",
        "usually served with sauce"
    ],
    "greek salad": [
        "Kalamata olives",
        "a dressing of olive oil and vinegar",
        "a light dressing, often made with olive oil, lemon juice, and oregano",
        "a mix of fresh vegetables, including lettuce, tomatoes, cucumbers, onions, and olives",
        "a mix of greens, such as romaine, spinach, and arugula",
        "a mix of lettuce, tomatoes, cucumbers, and onions",
        "cucumbers",
        "dressed with olive oil and vinegar",
        "feta cheese",
        "red onions",
        "served chilled or at room temperature",
        "tomatoes",
        "topped with feta cheese and olives"
    ],
    "grilled cheese sandwich": [
        "a crispy exterior",
        "a rectangular or square shape",
        "a soft, gooey interior",
        "butter or margarine",
        "cheese in the middle",
        "cheese oozing from the sides",
        "crusty edges",
        "golden brown color",
        "one or more slices of cheese",
        "two slices of bread",
        "two slices of bread, toasted"
    ],
    "grilled salmon": [
        "a flaky texture",
        "a grilled or seared appearance",
        "a moist interior",
        "a pink or orange color",
        "a pink or orange-pink color",
        "a slightly charred appearance",
        "a slightly flaky texture",
        "a smoky flavor",
        "grilled marks on the surface"
    ],
    "guacamole": [
        "a creamy or lumpy texture",
        "a curved shape",
        "a green or brown color",
        "a hint of lime",
        "a slightly bumpy texture",
        "a slightly lumpy appearance",
        "a slightly lumpy consistency",
        "a smooth, creamy texture",
        "a strong avocado flavor",
        "a yellow or brown color",
        "chunks of avocado, tomato, and onion"
    ],
    "gyoza": [
        "a filling of meat and vegetables",
        "a savory flavor",
        "a slightly chewy texture",
        "a small, crescent-shaped dumpling",
        "a small, round shape",
        "a thin wrapper",
        "a thin, wheat-based wrapper",
        "fillings of meat and vegetables",
        "pleated edges",
        "pleats around the edge"
    ],
    "hamburger": [
        "a beef patty in the middle",
        "a bun on top and bottom",
        "a bun-like top and bottom",
        "a cooked beef patty",
        "a meat patty in the middle",
        "a round, flat bun",
        "a round, flat shape",
        "a sandwich-sized paper or plastic wrapper",
        "ketchup and mustard",
        "lettuce, tomato, and onion toppings",
        "lettuce, tomato, and/or pickle slices",
        "mayonnaise, ketchup, and/or mustard",
        "toppings such as lettuce, tomato, cheese, etc."
    ],
    "hot and sour soup": [
        "a light brown or tan color",
        "a red or orange color",
        "a savory and sour broth",
        "a small amount of rice",
        "a thick, murky liquid",
        "a thin, watery consistency",
        "bamboo shoots",
        "chili peppers",
        "chunks of tofu, vegetables, and/or meat",
        "egg",
        "shiitake mushrooms",
        "tofu",
        "tofu, vegetables, and/or meat",
        "vinegar"
    ],
    "hot dog": [
        "a blunt end",
        "a closed end",
        "a light brown color",
        "a light brown or tan color",
        "a long, cylindrical shape",
        "a long, thin shape",
        "a pointed end",
        "a reddish-brown or tan color",
        "a slightly flattened top and bottom",
        "a slightly textured surface",
        "a small mouth",
        "a smooth surface"
    ],
    "huevos rancheros": [
        "a fried egg",
        "a fried egg on a tortilla",
        "a tortilla",
        "beans",
        "cheese",
        "refried beans",
        "salsa",
        "served with beans and rice",
        "topped with cheese and salsa"
    ],
    "hummus": [
        "a brown or black seed center",
        "a garlic or onion flavor",
        "a green stem",
        "a hint of garlic",
        "a large, round flower head",
        "a lemony tang",
        "a light brown or tan color",
        "a slightly grainy texture",
        "a smooth, creamy texture",
        "a thick, creamy texture",
        "bright yellow petals",
        "large, green leaves"
    ],
    "ice cream": [
        "a brand",
        "a cone",
        "a cone or cup",
        "a scoop of ice cream",
        "a scoop of smooth, creamy ice cream",
        "a sundae",
        "a waffle cone",
        "topped with sprinkles, chocolate, or fruit",
        "toppings"
    ],
    "lasagna": [
        "a flat, rectangular shape",
        "a hearty, filling dish",
        "a large, rectangular shape",
        "a red or brown color",
        "a savory aroma",
        "cheese on top",
        "layers of pasta, meat, and sauce",
        "layers of pasta, sauce, and cheese",
        "red or orange color",
        "typically served hot"
    ],
    "lobster bisque": [
        "a creamy, orange soup",
        "a creamy, orange-red color",
        "a creamy, orange-red soup",
        "a garnish of green onions",
        "a rich, creamy texture",
        "a smooth texture",
        "a thick, creamy consistency",
        "chunks of lobster meat",
        "pieces of lobster meat"
    ],
    "lobster roll sandwich": [
        "a generous portion of lobster meat",
        "a light dusting of Old Bay seasoning",
        "a pickle",
        "a soft, white bun",
        "a split-top bun",
        "lettuce",
        "lots of lobster meat",
        "mayonnaise",
        "mayonnaise or butter",
        "tomato (optional)"
    ],
    "macaroni and cheese": [
        "a cheesy or creamy texture",
        "a picture of macaroni and cheese on the front",
        "a small, rectangular box",
        "a small, rectangular shape",
        "a yellow and red label",
        "a yellow label with a red and blue design",
        "a yellow or orange color",
        "the words \"macaroni and cheese\"",
        "the words \"macaroni and cheese\" on the label"
    ],
    "macarons": [
        "a chewy interior",
        "a crispy exterior",
        "a hard shell",
        "a small, round cookie",
        "a small, round shape",
        "a smooth, glossy exterior",
        "a soft, fluffy inside",
        "two cookies sandwiched together with filling",
        "two cookies sandwiching a filling"
    ],
    "miso soup": [
        "a light brown or tan color",
        "a light brown or white color",
        "a small amount of rice",
        "a soupy consistency",
        "a watery consistency",
        "green onions",
        "light brown or white color",
        "tofu chunks",
        "vegetables or tofu floating in it"
    ],
    "mussels": [
        "a dark blue or black color",
        "a dark blue or black shell",
        "a slightly curved shape",
        "a slightly opened shell",
        "a slightly pointed end",
        "a small opening at one end",
        "a small, dark-colored shell",
        "a small, oval-shaped body",
        "a smooth surface",
        "a smooth, shiny surface",
        "two small, pointed end",
        "two small, pointed ends"
    ],
    "nachos": [
        "a corn tortilla chips",
        "a crispy texture",
        "a flat, round shape",
        "a round, flat shape",
        "topped with cheese",
        "topped with cheese and/or other toppings",
        "topped with diced tomatoes",
        "topped with jalapeno peppers",
        "topped with jalape\u00f1o peppers",
        "topped with melted cheese",
        "topped with salsa",
        "usually served with salsa or sour cream"
    ],
    "omelette": [
        "a cooked appearance",
        "a filling of vegetables, meat, or cheese",
        "a flat bottom",
        "a round or oval shape",
        "a soft texture",
        "a soft, cooked texture",
        "a yellow color",
        "a yellow or brown color",
        "a yellow or white color",
        "fillings like vegetables, meat, or cheese",
        "fillings of various vegetables, meats, and cheeses"
    ],
    "onion rings": [
        "a breaded or battered exterior",
        "a bright, red or orange color in the sky",
        "a crispy texture",
        "a fried or crispy texture",
        "a golden color",
        "a light golden color",
        "a peaceful or calming feeling",
        "a ring-shaped body",
        "a round shape",
        "a round, flat shape",
        "a small size",
        "a soft, fluffy inner layer",
        "a thin, crispy outer layer",
        "served with a dipping sauce",
        "the sun peeking over the horizon"
    ],
    "oysters": [
        "a gray or white color",
        "a pearlescent interior",
        "a pearlescent or grayish color",
        "a rough, bumpy exterior",
        "a rough, textured surface",
        "a rough, uneven surface",
        "a slightly curved shell",
        "a slightly flattened shape",
        "a small opening at one end",
        "a small opening at the top",
        "a small, cup-shaped body",
        "a small, oval shape",
        "a white or gray color",
        "two small horns on the top side"
    ],
    "pad thai": [
        "a noodle dish",
        "a noodles dish",
        "a sweet and sour sauce",
        "a sweet, sour, and salty sauce",
        "a thin, rice noodle",
        "bean sprouts",
        "chili flakes",
        "flavored with fish sauce, tamarind, and palm sugar",
        "lime wedge",
        "lime wedges",
        "made with rice noodles",
        "often includes chicken or shrimp",
        "toasted peanuts",
        "topped with peanuts, cilantro, and lime",
        "toppings such as peanuts,bean sprouts, and green onions",
        "vegetables such as onions, carrots, and bean sprouts"
    ],
    "paella": [
        "a Spanish influence",
        "a Spanish origin",
        "a brightly colored design",
        "a deep bowl shape",
        "a large, flat, round dish",
        "a large, shallow dish",
        "a metal or ceramic material",
        "a rice-based dish",
        "a rim around the edge",
        "a traditional Spanish dish",
        "a variety of colorful ingredients",
        "a variety of food items cooked together"
    ],
    "pancakes": [
        "a flat surface",
        "a flat, round shape",
        "a fluted edge",
        "a friendly expression",
        "a light brown color",
        "a plump, round body",
        "a round shape",
        "a slightly raised edge",
        "a slightly raised surface",
        "a smooth surface",
        "a soft texture",
        "a soft, furry texture",
        "a stubby nose",
        "small, round ears"
    ],
    "panna cotta": [
        "a creamy, white color",
        "a dollop of whipped cream on top",
        "a small size",
        "a small, round mouth",
        "a small, round shape",
        "a smooth, creamy texture",
        "a smooth, gelatinous texture",
        "a smooth, round shape",
        "a white or pale color",
        "a wobbly texture"
    ],
    "peking duck": [
        "a large, flat body",
        "a long neck",
        "a long, slender neck",
        "a plump body",
        "a reddish-brown color",
        "a reddish-brown or black plumage",
        "a reddish-brown plumage",
        "a small head",
        "a white breast",
        "long, black tail feathers",
        "short legs",
        "webbed feet"
    ],
    "pho": [
        "a bowl of noodle soup",
        "a bowl of steaming broth",
        "a large bowl",
        "a light broth",
        "a protein like shrimp, chicken, or beef",
        "a spicy sauce",
        "can be served with chili peppers or Sriracha sauce",
        "noodles in broth",
        "often served with a side of Hoisin sauce and Sriracha",
        "often served with lime and bean sprouts",
        "topped with noodles, meat, and vegetables",
        "topped with vegetables and/or meat",
        "toppings like scallions, bean sprouts, and cilantro"
    ],
    "pizza": [
        "a crispy or chewy crust",
        "a crust around the edge",
        "a flat, round shape",
        "a round or oval shape",
        "a sauce",
        "cheese",
        "toppings like cheese, sauce, and vegetables",
        "toppings like sauce, cheese, and pepperoni",
        "toppings on the surface"
    ],
    "pork chop": [
        "a bone in the center",
        "a light pink or tan color",
        "a rectangular or oval shape",
        "a slight curve to the shape",
        "a small amount of fat on the edges",
        "a thick, rectangle-shaped piece of meat",
        "a thick, rectangular shape",
        "fat around the edges",
        "fatty marbling throughout",
        "pinkish-brown color"
    ],
    "poutine": [
        "a heaping pile of french fries",
        "covered in gravy",
        "a bed of french fries",
        "a heaping pile of french fries",
        "topped with cheese curds",
        "topped with gravy"
    ],
    "prime rib": [
        "a bone in the center",
        "a bone running along one side",
        "a cut of meat from the rib area",
        "a fatty, marbled surface",
        "a large cut of meat",
        "a large, rectangular cut of meat",
        "a pinkish-red color",
        "fatty",
        "fatty marbling",
        "large, thick slab of meat",
        "marbled",
        "red color",
        "red or pink color"
    ],
    "pulled pork sandwich": [
        "a bun",
        "a soft, fluffy bun",
        "a soft, white bun",
        "barbecue sauce",
        "coleslaw",
        "pickles",
        "pork that has been cooked until it is tender and can be pulled apart easily",
        "pulled pork",
        "shredded or pulled pork",
        "sliced onions",
        "sliced pickles"
    ],
    "ramen": [
        "a bowl of noodles",
        "a broth",
        "a light brown or tan color",
        "a savory broth",
        "a small, round bowl",
        "a spoon for eating",
        "can be served with chopsticks",
        "noodles and broth inside",
        "noodles inside",
        "often served with chopsticks",
        "topped with vegetables and/or meat",
        "toppings like green onions, eggs, and pork",
        "toppings such as vegetables or meat"
    ],
    "ravioli": [
        "a filling of meat, cheese, or vegetables",
        "a sealed edge around the filling",
        "a small, round or oval shape",
        "a small, square or rectangular shape",
        "a small, square or round shape",
        "a smooth, slightly raised surface",
        "a thin pasta dough exterior",
        "a thin pasta dough wrapper",
        "can be served with sauce",
        "enclosed by pasta dough"
    ],
    "red velvet cake": [
        "a deep red color",
        "a layer cake format",
        "a moist, dense cake",
        "a rich, cream cheese frosting",
        "a rich, creamy frosting",
        "a soft, velvety texture"
    ],
    "risotto": [
        "a creamy texture",
        "a creamy, white color",
        "a rice-like grain",
        "a slightly grainy texture",
        "a thick, porridge-like consistency",
        "a variety of ingredients",
        "arborio rice",
        "flavorings like Parmesan cheese, butter, and garlic",
        "topped with cheese and/or vegetables"
    ],
    "samosa": [
        "a crispy or flaky exterior",
        "a flaky or crispy exterior",
        "a savory filling, typically consisting of potatoes and peas",
        "a savory filling, typically including potatoes, peas, and spices",
        "a triangular or cone-shaped pastry",
        "a triangular or pyramid-shaped pastry",
        "flaky pastry exterior",
        "fried or baked",
        "originating from South Asia",
        "spiced potato filling",
        "triangular shape",
        "usually fried or baked"
    ],
    "sashimi": [
        "may be served with rice",
        "often garnished with daikon radish or ginger",
        "often garnished with ginger or green onion",
        "often garnished with ginger or seaweed",
        "raw fish",
        "served with soy sauce and wasabi",
        "sliced into thin pieces",
        "sliced thinly",
        "thinly sliced, raw fish"
    ],
    "scallops": [
        "a delicate texture",
        "a light color",
        "a light, delicate color",
        "a slightly fluted edge",
        "a small, round shape",
        "a smooth, curved surface",
        "a soft, fleshy interior",
        "a white or light-colored exterior"
    ],
    "seaweed salad": [
        "a chewy texture",
        "a green or brown color",
        "a long, thin shape",
        "a long, thin, leafy texture",
        "a mix of green and brown colors",
        "a mix of green, brown, and purple colors",
        "a ruffled or wavy texture",
        "a slightly slimy texture",
        "long, thin strands"
    ],
    "shrimp and grits": [
        "a dish composed of shrimp and grits",
        "grits: small, white, corn-based",
        "grits: small, yellow, cornmeal",
        "shrimp: small, pink, seafood",
        "shrimp: small, pink, shellfish",
        "the dish is often served with a green vegetable",
        "the dish is often served with cheese",
        "the grits are usually creamy",
        "the shrimp are usually sauteed"
    ],
    "spaghetti bolognese": [
        "a long, thin pasta shape",
        "a red or brown color",
        "a red sauce",
        "a rich, meaty sauce",
        "a tangle of thin, cylindrical noodles",
        "basil leaves",
        "ground beef",
        "parmesan cheese",
        "red meat sauce",
        "spaghetti noodles",
        "various toppings like cheese, herbs, or vegetables"
    ],
    "spaghetti carbonara": [
        "a creamy white sauce",
        "a creamy, white sauce",
        "a heaping bowl of spaghetti noodles",
        "a plate of pasta with a creamy sauce",
        "may also contain mushrooms, onions, and peas",
        "on top of spaghetti noodles",
        "parmesan cheese sprinkled on top",
        "pieces of bacon",
        "speckled with black pepper",
        "topped with cheese and bacon",
        "topped with crispy bacon"
    ],
    "spring rolls": [
        "a crispy texture",
        "a cylindrical shape",
        "a dipping sauce",
        "a filling of vegetables and/or meat",
        "a fried or baked texture",
        "a light brown color",
        "a light brown or golden color",
        "a paper-thin wrapper",
        "a savory filling",
        "a smooth, slightly sticky texture",
        "a thin, cylindrical shape",
        "a thin, cylindrical wrapper",
        "light brown or golden color"
    ],
    "steak": [
        "a dark brown or red color",
        "a dark red or brown color",
        "a flat, rectangular shape",
        "a grilled or seared surface",
        "a juicy or tender texture",
        "a reddish-brown color",
        "a tender texture",
        "a thick, flat piece of meat",
        "a thick, rectangular shape",
        "juicy appearance"
    ],
    "strawberry shortcake": [
        "a light, spongy texture",
        "a short, round cake",
        "a shortcake or biscuit base",
        "a sweet flavor",
        "fresh strawberries on top",
        "layers of white cake",
        "may have a green stem or leaves on top",
        "red strawberry on top",
        "strawberry filling",
        "strawberry jam filling",
        "topped with strawberries and whipped cream",
        "whipped cream topping"
    ],
    "sushi": [
        "a small, oblong shape",
        "a small, rectangular shape",
        "raw fish",
        "rice",
        "seafood or vegetables",
        "seaweed",
        "soy sauce",
        "wasabi",
        "white rice",
        "wrapped in seaweed"
    ],
    "tacos": [
        "a filling of meat, cheese, and/or vegetables",
        "a fillling of meat, cheese, and/or vegetables",
        "a salsa or sauce",
        "a soft tortilla",
        "a soft, taco-shaped shell",
        "a soft, tortilla-style shell",
        "a spicy flavor",
        "a spicy sauce",
        "cilantro",
        "lime"
    ],
    "takoyaki": [
        "a crispy exterior",
        "a crispy outer shell",
        "a savory filling",
        "a savory or sweet sauce",
        "a savory sauce on top",
        "a small, round shape",
        "a soft, fluffy interior",
        "octopus pieces inside",
        "topped with sauce and seaweed"
    ],
    "tiramisu": [
        "a coffee or cocoa flavor",
        "a creamy filling made of mascarpone, eggs, and sugar",
        "a creamy texture",
        "a dusting of cocoa powder",
        "a light brown color",
        "a light, fluffy texture",
        "a rectangular or square shape",
        "coffee or chocolate flavor",
        "coffee-flavored",
        "layers of cake and filling",
        "layers of sponge cake soaked in coffee",
        "topped with cocoa powder"
    ],
    "tuna tartare": [
        "avocado",
        "capers",
        "cubed or diced",
        "cubed or diced shape",
        "cucumber",
        "lemon juice",
        "olive oil",
        "raw tuna",
        "raw tuna diced into small cubes",
        "red onions",
        "salt and pepper",
        "sesame seeds",
        "soy sauce",
        "wasabi"
    ],
    "waffles": [
        "a fluffy texture",
        "a golden color",
        "a grid-like pattern",
        "a light golden color",
        "a soft, fluffy texture",
        "syrup or butter",
        "syrup or butter on top"
    ]
}