{
    "Bengal": [
        "a large, muscular body",
        "a long tail",
        "a long, thick tail",
        "a short, blunt muzzle",
        "a short, thick coat",
        "large ears",
        "large paws with sharp claws",
        "patchy orange and black fur",
        "pointed ears",
        "short fur with a spotted or marbled pattern",
        "spotted or striped fur"
    ],
    "scottish_terrier": [
        "a bearded face",
        "a bushy beard and eyebrows",
        "a long, bushy tail",
        "a long, furry tail",
        "a shaggy coat of fur",
        "a short, blunt muzzle",
        "a small, compact body",
        "a small, stocky body",
        "a thick, bristly coat",
        "black or dark brown fur",
        "short legs",
        "small, pointed ears"
    ],
    "beagle": [
        "a short, dense coat",
        "a small to medium-sized dog",
        "long ears",
        "long, droopy ears",
        "sad-looking eyes",
        "short, dense coat",
        "short, smooth coat",
        "slightly rounded head",
        "black, brown, and white coat",
        "tri-colored fur",
        "tri-colored: black, brown, and white"
    ],
    "miniature_pinscher": [
        "a blunt muzzle",
        "a docked tail",
        "a long, tapered muzzle",
        "a long, thin tail",
        "a short coat of smooth, glossy hair",
        "a short, smooth coat",
        "a small, compact body",
        "black or rust-colored markings",
        "black, brown, or tan coloration",
        "pointed ears",
        "short legs"
    ],
    "basset_hound": [
        "a long tail",
        "a long, drooping face",
        "a long, droopy face",
        "a long, sad-looking face",
        "a short, smooth coat",
        "a short, stocky body",
        "a short, stubby tail",
        "a smooth, short coat",
        "a stocky, muscular body",
        "a tri-colored coat",
        "long, droopy ears",
        "long, floppy ears",
        "short legs",
        "usually black, tan, and white in color"
    ],
    "Birman": [
        "a long, slender body",
        "a long, thick coat",
        "a medium to large size",
        "a pointed face",
        "a white body",
        "blue eyes",
        "four white paws",
        "large ears",
        "large, blue eyes",
        "long, thick fur",
        "long, white whiskers",
        "pointed ears",
        "pointed face",
        "white paws"
    ],
    "english_setter": [
        "a bushy tail",
        "a curved tail",
        "a large, muscular body",
        "a long, silky coat",
        "a long, straight tail",
        "a pointed muzzle",
        "a prominent chest",
        "a short coat with a silky texture",
        "black, brown, white, and orange",
        "long, floppy ears",
        "typically a tricolor coat of black, white, and brown"
    ],
    "japanese_chin": [
        "a black and white coat",
        "a black mask",
        "a black-and-white coat",
        "a long, silky coat",
        "a long, silky mane",
        "a plumed tail",
        "a small, delicate body",
        "a small, delicate-featured dog",
        "a triangular face",
        "large, dark eyes"
    ],
    "pomeranian": [
        "a bushy tail",
        "a pointed face",
        "a short snout",
        "a short, stubby tail",
        "a small body",
        "a small, round body",
        "a thick, fluffy coat",
        "pointed ears",
        "small, black eyes",
        "small, pointed ears"
    ],
    "Abyssinian": [
        "a leopard-like spotted coat",
        "a long, lithe body",
        "a long, tapering tail",
        "a medium-sized, stocky cat",
        "a short, dense coat",
        "a short, fine coat",
        "a short, rounded muzzle",
        "a slender body",
        "a small to medium sized cat",
        "large ears",
        "large, erect ears",
        "long legs",
        "pointed ears",
        "wide, almond-shaped eyes"
    ],
    "leonberger": [
        "a black mask around the eyes",
        "a black mane",
        "a black mane and tail",
        "a black nose",
        "a black tail tip",
        "a black, brown, and tan coloration",
        "a black, brown, or yellow coat",
        "a coat with a lion-like pattern in shades of brown, red, and yellow",
        "a large, muscular body",
        "a lion-like appearance",
        "a lion-like mane",
        "a long tail",
        "a muscular build",
        "a shaggy coat"
    ],
    "newfoundland": [
        "a black, brown, or grey color",
        "a broad muzzle",
        "a large head",
        "a large head with drooping ears",
        "a large, muscular body",
        "a long tail",
        "a strong, muscular build",
        "a thick coat",
        "a thick, shaggy coat",
        "a thick, waterproof coat",
        "black or brown fur",
        "large body",
        "webbed feet"
    ],
    "american_bulldog": [
        "a brindled or black and white coat",
        "a large, muscular body",
        "a large, square head",
        "a short, broad muzzle",
        "a short, stout muzzle",
        "a short, stubby tail",
        "a short, thick coat",
        "a short, wide head",
        "a wide head",
        "droopy ears",
        "strong, powerful jaws",
        "strong, powerful legs",
        "well-defined wrinkles on the face"
    ],
    "pug": [
        "a curly tail",
        "a large, round head",
        "a short snout",
        "a short, curled tail",
        "a short, snub nose",
        "a small, stocky body",
        "a smooth, short coat",
        "large, dark eyes",
        "large, protruding eyes",
        "short legs",
        "small, dark eyes",
        "small, pointed ears",
        "wrinkled skin",
        "wrinkled skin on the face"
    ],
    "samoyed": [
        "a black nose",
        "a bushy tail",
        "a friendly face with prominent black eyes and a black nose",
        "a large, fluffy body",
        "a large, fluffy white coat",
        "a thick tail that curls over the back",
        "a thick tail that is often curled over the back",
        "a thick, white coat",
        "large, triangular ears",
        "small, black eyes",
        "small, triangular ears that point forward"
    ],
    "shiba_inu": [
        "a black mask on the face",
        "a bushy tail",
        "a broad forehead, strong muzzle, and black nose",
        "a reddish-brown coat",
        "a short, stubby tail",
        "a small, compact body",
        "a thick coat of fur",
        "a triangular face",
        "coloring that is typically red, black, and tan",
        "dark, almond-shaped eyes",
        "erect, triangular ears",
        "pointed ears"
    ],
    "Ragdoll": [
        "a fluffy coat",
        "a gentle, docile personality",
        "a large, muscular body",
        "a long body",
        "a long, fluffy tail",
        "a plumed tail",
        "a round face",
        "blue eyes",
        "long, fluffy ears",
        "pointed ears"
    ],
    "Siamese": [
        "a long, slender body",
        "a long, tapered head",
        "a long, thin tail",
        "a long, triangular head",
        "a short coat with dark points",
        "a short tail",
        "a slender, elongated body",
        "a slender, muscular build",
        "blue eyes",
        "large, blue eyes",
        "long, graceful limbs",
        "pointed ears",
        "seal point coloration",
        "short legs"
    ],
    "wheaten_terrier": [
        "a black nose",
        "a long head with erect ears",
        "a long, wavy tail",
        "a reddish-brown or wheat-colored coat",
        "a short, wheat-colored coat",
        "a small to medium-sized body",
        "a square jaw",
        "a sturdy body",
        "a wheat-colored coat",
        "long, floppy ears",
        "pointed ears",
        "small, dark eyes"
    ],
    "havanese": [
        "a bright light at the top",
        "a curly tail",
        "a dark color",
        "a long, flowing mane and tail",
        "a long, silky coat",
        "a playful, outgoing personality",
        "a short, blunt muzzle",
        "a short, dense coat",
        "a short, square muzzle",
        "a small, stocky body",
        "a small, sturdily built dog",
        "a sturdy base",
        "a tall, cylindrical shape",
        "droopy ears",
        "drop ears",
        "large, dark eyes"
    ],
    "german_shorthaired": [
        "a black and white coat",
        "a black and white or liver and white color pattern",
        "a docked tail",
        "a long body",
        "a pointed muzzle",
        "a short, dense coat",
        "a short, smooth coat",
        "a sleek, muscular body",
        "a slim, athletic build",
        "a solid, uniform color",
        "pointed ears",
        "short legs",
        "short, smooth fur"
    ],
    "Sphynx": [
        "a short tail",
        "a short, blunt muzzle",
        "a small to medium-sized body",
        "a small, lean body",
        "a small, stocky body",
        "a wedge-shaped head",
        "a wrinkled face",
        "a wrinkled forehead and nose",
        "hairless skin",
        "large ears",
        "large, almond-shaped eyes",
        "large, pointy ears",
        "no fur"
    ],
    "keeshond": [
        "a black mask on the face",
        "a bushy tail",
        "a deep, roar",
        "a friendly disposition",
        "a friendly, intelligent expression",
        "a large, powerful body",
        "a medium-sized dog",
        "a medium-sized, shaggy dog",
        "a medium-sized, stocky body",
        "a plumed tail",
        "a tail with a tuft of hair at the end",
        "a thick mane of hair around the head",
        "a thick, double coat",
        "a black and silver coat of fur",
        "pointed ears"
    ],
    "english_cocker_spaniel": [
        "a black nose",
        "a coat that is brown and black with white markings",
        "a long head",
        "a long head with a square muzzle",
        "a medium-sized dog",
        "a medium-sized, stocky body",
        "a medium-sized, stocky dog",
        "a muscular body",
        "a pointed tail",
        "a short, broad head",
        "a short, smooth coat",
        "a tail that is often docked",
        "brown or black eyes",
        "brown, black, or red and white coloration",
        "long, floppy ears"
    ],
    "yorkshire_terrier": [
        "a black and tan coat",
        "a black-and-tan coloration",
        "a long, pointed snout",
        "a long, silky coat",
        "a pointed muzzle",
        "a short muzzle",
        "a small body",
        "black and tan markings",
        "long, straight hair",
        "pointed ears",
        "small, black eyes",
        "small, dark eyes",
        "small, pointy ears"
    ],
    "great_pyrenees": [
        "a confident, calm demeanor",
        "a gentle, calm demeanor",
        "a large head",
        "a large, muscular body",
        "a long tail",
        "a thick, fluffy coat",
        "a thick, wooly coat",
        "a triangular head",
        "a white or cream color",
        "black spots on the fur",
        "fluffy, white fur"
    ],
    "chihuahua": [
        "a long, pointy snout",
        "a short snout",
        "a short, fluffy coat",
        "a small body",
        "big ears",
        "large ears",
        "large, pointy ears",
        "long, flowing tail",
        "short legs"
    ],
    "staffordshire_bull_terrier": [
        "a brindled or solid coat color",
        "a large head",
        "a short tail",
        "a short, black nose",
        "a short, flat head",
        "a short, muscular body",
        "a wide mouth",
        "black or brindle fur with white markings",
        "broad head",
        "muscular body",
        "short, smooth coat",
        "short, stubby tail",
        "short, thick legs",
        "small, black eyes",
        "small, dark eyes"
    ],
    "Persian": [
        "a coat with long, thick fur",
        "a large, round body",
        "a long, flowing tail",
        "a long, fluffy coat",
        "a long, slender body",
        "a medium-sized, rectangular body",
        "a short snout",
        "a short, blunt snout",
        "a small head",
        "large, round eyes",
        "short legs",
        "short, rounded ears"
    ],
    "Maine_Coon": [
        "a bushy tail",
        "a large body size",
        "a long, thick coat",
        "a rectangular head shape",
        "a round face",
        "bushy tail",
        "large ears",
        "long fur",
        "long, thick fur",
        "round ears",
        "striking facial features"
    ],
    "boxer": [
        "a black nose",
        "a black or brown coat with white markings",
        "a brindle coat",
        "a friendly face",
        "a large nose",
        "a muscular body",
        "a round body",
        "a shaved head",
        "a short coat",
        "a short snout",
        "a short, cropped tail",
        "a short, stocky build",
        "a soft, plush coat",
        "a square head",
        "a square jaw",
        "a wide, muscular chest",
        "black or brown eyes",
        "close-set eyes",
        "stuffed with cotton or other soft material",
        "usually brown or black color"
    ],
    "american_pit_bull_terrier": [
        "a determined expression",
        "a large, muscular body",
        "a long tail",
        "a short snout",
        "a short, muscular body",
        "a short, smooth coat",
        "a short, stiff tail",
        "a short, stubby tail",
        "a short, wide head",
        "a strong, muscular body",
        "a wide head",
        "large, round eyes",
        "pointed ears",
        "powerful jaws",
        "short, smooth fur"
    ],
    "Bombay": [
        "a bright orange color",
        "a busy, vibrant atmosphere",
        "a long, flowing tail",
        "a medium-sized, stocky cat",
        "a mix of old and new architecture",
        "a short coat in a range of colors, including brown, black, and silver",
        "a short, blunt snout",
        "a short, blunt tail",
        "a small, round body",
        "black stripes on the body and fins",
        "green or gold eyes",
        "high population density",
        "long, curved whiskers"
    ],
    "Russian_Blue": [
        "a blue-gray coat",
        "a blue-gray color",
        "a blue-grey coat",
        "a long, fluffy tail",
        "a muscular body",
        "a thick double coat",
        "a thick, dense coat",
        "a thick, long tail",
        "green or yellow eyes",
        "large, green eyes",
        "pointed ears"
    ],
    "saint_bernard": [
        "a black-and-white color pattern",
        "a black-and-white color scheme",
        "a large head with droopy ears",
        "a large, muscular body",
        "a large, stocky body",
        "a long tail",
        "a long, droopy face",
        "a long, furry tail",
        "a short snout",
        "a short, thick coat",
        "a thick coat of fur, often white with brown patches",
        "a thick, furry coat",
        "droopy ears"
    ],
    "British_Shorthair": [
        "a broad face",
        "a broad head",
        "a large, muscular body",
        "a round head",
        "a short, dense coat",
        "a short, thick tail",
        "a thick, muscular body",
        "large, round eyes",
        "short ears"
    ],
    "Egyptian_Mau": [
        "a distinctively spotted coat",
        "a long tail",
        "a short, blunt muzzle",
        "a short, muscular body",
        "a slender, muscular body",
        "gold or silver spotted fur",
        "golden eyes",
        "graceful, lithe build",
        "green or gold eyes",
        "large ears",
        "large ears that sit close to the head",
        "large, almond-shaped eyes",
        "long, tapered muzzle",
        "short, spotted fur",
        "small, pointed ears"
    ]
}